index	node_id	parent_id	is_root	depth	created_at	relative_root_seconds
0	3453646882841201		true	0	2012-06-05T19:50:46+08:00	0
1	3453853405793080	3453646882841201	false	1	2012-06-06T09:31:24+08:00	49238
2	3453853498462028	3453646882841201	false	1	2012-06-06T09:31:46+08:00	49260
3	3453853632706138	3453646882841201	false	1	2012-06-06T09:32:18+08:00	49292
4	3453853662221514	3453646882841201	false	1	2012-06-06T09:32:24+08:00	49298
5	3453853708368160	3453646882841201	false	1	2012-06-06T09:32:36+08:00	49310
6	3453853821638122	3453646882841201	false	1	2012-06-06T09:33:03+08:00	49337
7	3453853842614109	3453646882841201	false	1	2012-06-06T09:33:08+08:00	49342
8	3453853921860310	3453646882841201	false	1	2012-06-06T09:33:28+08:00	49362
9	3453853947340401	3453853821638122	false	2	2012-06-06T09:33:33+08:00	49367
10	3453853985096615	3453646882841201	false	1	2012-06-06T09:33:42+08:00	49376
11	3453854148363833	3453853947340401	false	3	2012-06-06T09:34:21+08:00	49415
12	3453854190658029	3453854148363833	false	4	2012-06-06T09:34:31+08:00	49425
13	3453854203242902	3453646882841201	false	1	2012-06-06T09:34:34+08:00	49428
14	3453854248627976	3453854190658029	false	5	2012-06-06T09:34:44+08:00	49438
15	3453854336712692	3453646882841201	false	1	2012-06-06T09:35:06+08:00	49460
16	3453854446717758	3453646882841201	false	1	2012-06-06T09:35:31+08:00	49485
17	3453854454563312	3453854248627976	false	6	2012-06-06T09:35:33+08:00	49487
18	3453854513839952	3453646882841201	false	1	2012-06-06T09:35:48+08:00	49502
19	3453854576346980	3453854454563312	false	7	2012-06-06T09:36:02+08:00	49516
20	3453854585158157	3453854576346980	false	8	2012-06-06T09:36:05+08:00	49519
21	3453854706395764	3453854446717758	false	2	2012-06-06T09:36:34+08:00	49548
22	3453854752542187	3453854585158157	false	9	2012-06-06T09:36:45+08:00	49559
23	3453854831664971	3453646882841201	false	1	2012-06-06T09:37:04+08:00	49578
24	3453854836444680	3453854454563312	false	7	2012-06-06T09:37:04+08:00	49578
25	3453854882752483	3453854836444680	false	8	2012-06-06T09:37:16+08:00	49590
26	3453855008444337	3453646882841201	false	1	2012-06-06T09:37:46+08:00	49620
27	3453855100900886	3453646882841201	false	1	2012-06-06T09:38:08+08:00	49642
28	3453855142688641	3453646882841201	false	1	2012-06-06T09:38:17+08:00	49651
29	3453855209974622	3453853662221514	false	2	2012-06-06T09:38:33+08:00	49667
30	3453855243536046	3453646882841201	false	1	2012-06-06T09:38:42+08:00	49676
31	3453855323079481	3453646882841201	false	1	2012-06-06T09:39:01+08:00	49695
32	3453855339200976	3453646882841201	false	1	2012-06-06T09:39:06+08:00	49700
33	3453855402953073	3453646882841201	false	1	2012-06-06T09:39:21+08:00	49715
34	3453855507832193	3453646882841201	false	1	2012-06-06T09:39:43+08:00	49737
35	3453855603891691	3453646882841201	false	1	2012-06-06T09:40:08+08:00	49762
36	3453855708723823	3453854576346980	false	8	2012-06-06T09:40:33+08:00	49787
37	3453855742762798	3453855708723823	false	9	2012-06-06T09:40:39+08:00	49793
38	3453855759111827	3453854513839952	false	2	2012-06-06T09:40:45+08:00	49799
39	3453855834559373	3453855742762798	false	10	2012-06-06T09:41:03+08:00	49817
40	3453855877008604	3453855834559373	false	11	2012-06-06T09:41:13+08:00	49827
41	3453855914255131	3453646882841201	false	1	2012-06-06T09:41:22+08:00	49836
42	3453855918960830	3453855877008604	false	12	2012-06-06T09:41:23+08:00	49837
43	3453856040187083	3453646882841201	false	1	2012-06-06T09:41:52+08:00	49866
44	3453856199077062	3453646882841201	false	1	2012-06-06T09:42:30+08:00	49904
45	3453856212187651	3453646882841201	false	1	2012-06-06T09:42:32+08:00	49906
46	3453856266332504	3453646882841201	false	1	2012-06-06T09:42:46+08:00	49920
47	3453856341690496	3453855918960830	false	13	2012-06-06T09:43:04+08:00	49938
48	3453856468267651	3453856212187651	false	2	2012-06-06T09:43:34+08:00	49968
49	3453856485048193	3453646882841201	false	1	2012-06-06T09:43:36+08:00	49970
50	3453856488498592	3453646882841201	false	1	2012-06-06T09:43:39+08:00	49973
51	3453856518609246	3453856040187083	false	2	2012-06-06T09:43:45+08:00	49979
52	3453856556366507	3453856341690496	false	14	2012-06-06T09:43:55+08:00	49989
53	3453856665262937	3453646882841201	false	1	2012-06-06T09:44:20+08:00	50014
54	3453856707214105	3453646882841201	false	1	2012-06-06T09:44:31+08:00	50025
55	3453856715002377	3453853405793080	false	2	2012-06-06T09:44:33+08:00	50027
56	3453856840837819	3453646882841201	false	1	2012-06-06T09:45:03+08:00	50057
57	3453857088709716	3453646882841201	false	1	2012-06-06T09:46:01+08:00	50115
58	3453857139496670	3453856556366507	false	15	2012-06-06T09:46:13+08:00	50127
59	3453857143246836	3453646882841201	false	1	2012-06-06T09:46:15+08:00	50129
60	3453857235986143	3453646882841201	false	1	2012-06-06T09:46:36+08:00	50150
61	3453857244376210	3453646882841201	false	1	2012-06-06T09:46:38+08:00	50152
62	3453857386750125	3453857139496670	false	16	2012-06-06T09:47:13+08:00	50187
63	3453857399336222	3453857386750125	false	17	2012-06-06T09:47:17+08:00	50191
64	3453857621680797	3453857399336222	false	18	2012-06-06T09:48:08+08:00	50242
65	3453857646851449	3453857621680797	false	19	2012-06-06T09:48:14+08:00	50248
66	3453857696663326	3453854576346980	false	8	2012-06-06T09:48:27+08:00	50261
67	3453857705584308	3453855142688641	false	2	2012-06-06T09:48:29+08:00	50263
68	3453857809915399	3453857386750125	false	17	2012-06-06T09:48:54+08:00	50288
69	3453857927738998	3453646882841201	false	1	2012-06-06T09:49:22+08:00	50316
70	3453857982276095	3453854248627976	false	6	2012-06-06T09:49:35+08:00	50329
71	3453858053786027	3453646882841201	false	1	2012-06-06T09:49:52+08:00	50346
72	3453858061984019	3453646882841201	false	1	2012-06-06T09:49:54+08:00	50348
73	3453858103531808	3453646882841201	false	1	2012-06-06T09:50:03+08:00	50357
74	3453858132893571	3453857982276095	false	7	2012-06-06T09:50:11+08:00	50365
75	3453858242114234	3453858132893571	false	8	2012-06-06T09:50:36+08:00	50390
76	3453858552200846	3453858242114234	false	9	2012-06-06T09:51:51+08:00	50465
77	3453858565339967	3453646882841201	false	1	2012-06-06T09:51:55+08:00	50469
78	3453858653439071	3453646882841201	false	1	2012-06-06T09:52:13+08:00	50487
79	3453858703781773	3453646882841201	false	1	2012-06-06T09:52:26+08:00	50500
80	3453858783490238	3453858552200846	false	10	2012-06-06T09:52:46+08:00	50520
81	3453858787685872	3453853405793080	false	2	2012-06-06T09:52:46+08:00	50520
82	3453858817051730	3453858783490238	false	11	2012-06-06T09:52:53+08:00	50527
83	3453858888169635	3453646882841201	false	1	2012-06-06T09:53:11+08:00	50545
84	3453858913541687	3453646882841201	false	1	2012-06-06T09:53:17+08:00	50551
85	3453859173645059	3453646882841201	false	1	2012-06-06T09:54:19+08:00	50613
86	3453859202089082	3453646882841201	false	1	2012-06-06T09:54:26+08:00	50620
87	3453859274124684	3453646882841201	false	1	2012-06-06T09:54:44+08:00	50638
88	3453859299500404	3453646882841201	false	1	2012-06-06T09:54:49+08:00	50643
89	3453859306952083	3453646882841201	false	1	2012-06-06T09:54:51+08:00	50645
90	3453859353832291	3453646882841201	false	1	2012-06-06T09:55:02+08:00	50656
91	3453859521377326	3453646882841201	false	1	2012-06-06T09:55:42+08:00	50696
92	3453859525066798	3453856341690496	false	14	2012-06-06T09:55:44+08:00	50698
93	3453859677069686	3453859525066798	false	15	2012-06-06T09:56:19+08:00	50733
94	3453859936129701	3453853821638122	false	2	2012-06-06T09:57:21+08:00	50795
95	3453859995431337	3453646882841201	false	1	2012-06-06T09:57:33+08:00	50807
96	3453860012424650	3453853921860310	false	2	2012-06-06T09:57:37+08:00	50811
97	3453860066749791	3453859936129701	false	3	2012-06-06T09:57:52+08:00	50826
98	3453860108104884	3453646882841201	false	1	2012-06-06T09:58:02+08:00	50836
99	3453860180234023	3453854248627976	false	6	2012-06-06T09:58:19+08:00	50853
100	3453860272313142	3453646882841201	false	1	2012-06-06T09:58:39+08:00	50873
101	3453860314481099	3453858242114234	false	9	2012-06-06T09:58:51+08:00	50885
102	3453860733522057	3453856840837819	false	2	2012-06-06T10:00:31+08:00	50985
103	3453860734005031	3453646882841201	false	1	2012-06-06T10:00:31+08:00	50985
104	3453860859862918	3453860272313142	false	2	2012-06-06T10:01:01+08:00	51015
105	3453860926725834	3453860108104884	false	2	2012-06-06T10:01:17+08:00	51031
106	3453860951673252	3453857646851449	false	20	2012-06-06T10:01:23+08:00	51037
107	3453860976371194	3453646882841201	false	1	2012-06-06T10:01:29+08:00	51043
108	3453861136487828	3453860951673252	false	21	2012-06-06T10:02:07+08:00	51081
109	3453861341294844	3453646882841201	false	1	2012-06-06T10:02:56+08:00	51130
110	3453861522220907	3453855339200976	false	2	2012-06-06T10:03:39+08:00	51173
111	3453861870422818	3453861136487828	false	22	2012-06-06T10:05:02+08:00	51256
112	3453861945306596	3453855603891691	false	2	2012-06-06T10:05:18+08:00	51272
113	3453861954064950	3453646882841201	false	1	2012-06-06T10:05:20+08:00	51274
114	3453862243118155	3453646882841201	false	1	2012-06-06T10:06:31+08:00	51345
115	3453862273138467	3453646882841201	false	1	2012-06-06T10:06:38+08:00	51352
116	3453862364905929	3453861870422818	false	23	2012-06-06T10:07:00+08:00	51374
117	3453862415777484	3453859936129701	false	3	2012-06-06T10:07:12+08:00	51386
118	3453862638125245	3453853498462028	false	2	2012-06-06T10:08:05+08:00	51439
119	3453862666911935	3453646882841201	false	1	2012-06-06T10:08:13+08:00	51447
120	3453862688468761	3453858242114234	false	9	2012-06-06T10:08:17+08:00	51451
121	3453862788910289	3453646882841201	false	1	2012-06-06T10:08:42+08:00	51476
122	3453862801495228	3453646882841201	false	1	2012-06-06T10:08:44+08:00	51478
123	3453862923156092	3453861136487828	false	22	2012-06-06T10:09:11+08:00	51505
124	3453863485303666	3453646882841201	false	1	2012-06-06T10:11:26+08:00	51640
125	3453863632136743	3453858242114234	false	9	2012-06-06T10:12:01+08:00	51675
126	3453863640273436	3453860926725834	false	3	2012-06-06T10:12:04+08:00	51678
127	3453864081027529	3453646882841201	false	1	2012-06-06T10:13:49+08:00	51783
128	3453864168141523	3453646882841201	false	1	2012-06-06T10:14:10+08:00	51804
129	3453864277941909	3453646882841201	false	1	2012-06-06T10:14:35+08:00	51829
130	3453864336674492	3453860976371194	false	2	2012-06-06T10:14:50+08:00	51844
131	3453864546437885	3453646882841201	false	1	2012-06-06T10:15:39+08:00	51893
132	3453864621952159	3453646882841201	false	1	2012-06-06T10:15:58+08:00	51912
133	3453864638466738	3453863632136743	false	10	2012-06-06T10:16:02+08:00	51916
134	3453864717623975	3453646882841201	false	1	2012-06-06T10:16:22+08:00	51936
135	3453864890179327	3453864638466738	false	11	2012-06-06T10:17:02+08:00	51976
136	3453864903034390	3453646882841201	false	1	2012-06-06T10:17:04+08:00	51978
137	3453864982474523	3453646882841201	false	1	2012-06-06T10:17:23+08:00	51997
138	3453865020501645	3453646882841201	false	1	2012-06-06T10:17:32+08:00	52006
139	3453865229766222	3453646882841201	false	1	2012-06-06T10:18:23+08:00	52057
140	3453865317851312	3453860926725834	false	3	2012-06-06T10:18:44+08:00	52078
141	3453865372380112	3453646882841201	false	1	2012-06-06T10:18:57+08:00	52091
142	3453865498215917	3453865498762898	false	3	2012-06-06T10:19:27+08:00	52121
143	3453865498762898	3453858653439071	false	2	2012-06-06T10:19:27+08:00	52121
144	3453865553023910	3453646882841201	false	1	2012-06-06T10:19:39+08:00	52133
145	3453865565609690	3453646882841201	false	1	2012-06-06T10:19:43+08:00	52137
146	3453865645056463	3453858242114234	false	9	2012-06-06T10:20:02+08:00	52156
147	3453865661802529	3453857088709716	false	2	2012-06-06T10:20:05+08:00	52159
148	3453865762522275	3453865317851312	false	4	2012-06-06T10:20:29+08:00	52183
149	3453865804416212	3453861136487828	false	22	2012-06-06T10:20:40+08:00	52194
150	3453865930251665	3453865804416212	false	23	2012-06-06T10:21:10+08:00	52224
151	3453866010039013	3453646882841201	false	1	2012-06-06T10:21:29+08:00	52243
152	3453866123594154	3453646882841201	false	1	2012-06-06T10:21:55+08:00	52269
153	3453866295312533	3453864890179327	false	12	2012-06-06T10:22:37+08:00	52311
154	3453866374608519	3453866295312533	false	13	2012-06-06T10:22:56+08:00	52330
155	3453866517658166	3453646882841201	false	1	2012-06-06T10:23:30+08:00	52364
156	3453866639318511	3453646882841201	false	1	2012-06-06T10:23:58+08:00	52392
157	3453866643804714	3453865930251665	false	24	2012-06-06T10:24:00+08:00	52394
158	3453866781986616	3453866643804714	false	25	2012-06-06T10:24:32+08:00	52426
159	3453866937210618	3453646882841201	false	1	2012-06-06T10:25:10+08:00	52464
160	3453866974672809	3453646882841201	false	1	2012-06-06T10:25:19+08:00	52473
161	3453866995648987	3453865229766222	false	2	2012-06-06T10:25:25+08:00	52479
162	3453867142479687	3453646882841201	false	1	2012-06-06T10:25:58+08:00	52512
163	3453867326765089	3453646882841201	false	1	2012-06-06T10:26:43+08:00	52557
164	3453867377099383	3453646882841201	false	1	2012-06-06T10:26:54+08:00	52568
165	3453867452451314	3453864717623975	false	2	2012-06-06T10:27:13+08:00	52587
166	3453867633623197	3453646882841201	false	1	2012-06-06T10:27:56+08:00	52630
167	3453867658794959	3453863640273436	false	4	2012-06-06T10:28:02+08:00	52636
168	3453867817374741	3453866781986616	false	26	2012-06-06T10:28:39+08:00	52673
169	3453867889228856	3453646882841201	false	1	2012-06-06T10:28:57+08:00	52691
170	3453867897619585	3453867658794959	false	5	2012-06-06T10:28:59+08:00	52693
171	3453867918640930	3453646882841201	false	1	2012-06-06T10:29:03+08:00	52697
172	3453868195530278	3453646882841201	false	1	2012-06-06T10:30:10+08:00	52764
173	3453868266339010	3453646882841201	false	1	2012-06-06T10:30:27+08:00	52781
174	3453868274929738	3453861136487828	false	22	2012-06-06T10:30:29+08:00	52783
175	3453868329106986	3453868274929738	false	23	2012-06-06T10:30:42+08:00	52796
176	3453868337859133	3453868329106986	false	24	2012-06-06T10:30:44+08:00	52798
177	3453868379441147	3453646882841201	false	1	2012-06-06T10:30:54+08:00	52808
178	3453868451444143	3453646882841201	false	1	2012-06-06T10:31:09+08:00	52823
179	3453868829019754	3453646882841201	false	1	2012-06-06T10:32:41+08:00	52915
180	3453868849995359	3453646882841201	false	1	2012-06-06T10:32:45+08:00	52919
181	3453869050715614	3453646882841201	false	1	2012-06-06T10:33:34+08:00	52968
182	3453869118171763	3453868337859133	false	25	2012-06-06T10:33:51+08:00	52985
183	3453869151733526	3453868195530278	false	2	2012-06-06T10:33:58+08:00	52992
184	3453869319604902	3453646882841201	false	1	2012-06-06T10:34:36+08:00	53030
185	3453869335530749	3453646882841201	false	1	2012-06-06T10:34:42+08:00	53036
186	3453869487417794	3453869118171763	false	26	2012-06-06T10:35:17+08:00	53071
187	3453869604558072	3453646882841201	false	1	2012-06-06T10:35:45+08:00	53099
188	3453869982464982	3453862638125245	false	3	2012-06-06T10:37:16+08:00	53190
189	3453870087012689	3453646882841201	false	1	2012-06-06T10:37:41+08:00	53215
190	3453870720233052	3453864982474523	false	2	2012-06-06T10:40:11+08:00	53365
191	3453871009560839	3453864890179327	false	12	2012-06-06T10:41:21+08:00	53435
192	3453871123323706	3453646882841201	false	1	2012-06-06T10:41:47+08:00	53461
193	3453871169122986	3453646882841201	false	1	2012-06-06T10:41:59+08:00	53473
194	3453871206967709	3453646882841201	false	1	2012-06-06T10:42:07+08:00	53481
195	3453871391000753	3453646882841201	false	1	2012-06-06T10:42:52+08:00	53526
196	3453871416016132	3453646882841201	false	1	2012-06-06T10:42:59+08:00	53533
197	3453871504742819	3453646882841201	false	1	2012-06-06T10:43:18+08:00	53552
198	3453871538396758	3453864890179327	false	12	2012-06-06T10:43:26+08:00	53560
199	3453871748161797	3453869487417794	false	27	2012-06-06T10:44:17+08:00	53611
200	3453871780939654	3453868274929738	false	23	2012-06-06T10:44:25+08:00	53619
201	3453872091486758	3453861945306596	false	3	2012-06-06T10:45:39+08:00	53693
202	3453872134131343	3453871206967709	false	2	2012-06-06T10:45:48+08:00	53702
203	3453872226064104	3453865553023910	false	2	2012-06-06T10:46:09+08:00	53723
204	3453872255533225	3453866974672809	false	2	2012-06-06T10:46:18+08:00	53732
205	3453872477885816	3453646882841201	false	1	2012-06-06T10:47:11+08:00	53785
206	3453873010687634	3453871206967709	false	2	2012-06-06T10:49:16+08:00	53910
207	3453873140118566	3453857143246836	false	2	2012-06-06T10:49:49+08:00	53943
208	3453873278385311	3453864890179327	false	12	2012-06-06T10:50:22+08:00	53976
209	3453873425346491	3453871780939654	false	24	2012-06-06T10:50:57+08:00	54011
210	3453873429955874	3453646882841201	false	1	2012-06-06T10:50:58+08:00	54012
211	3453874163741208	3453870720233052	false	3	2012-06-06T10:53:51+08:00	54185
212	3453874159546321	3453858061984019	false	2	2012-06-06T10:53:52+08:00	54186
213	3453874189304606	3453646882841201	false	1	2012-06-06T10:53:58+08:00	54192
214	3453874537253117	3453873425346491	false	25	2012-06-06T10:55:21+08:00	54275
215	3453874746882640	3453873140118566	false	3	2012-06-06T10:56:12+08:00	54326
216	3453874839316476	3453874537253117	false	26	2012-06-06T10:56:34+08:00	54348
217	3453875015520502	3453862688468761	false	10	2012-06-06T10:57:16+08:00	54390
218	3453875040692570	3453646882841201	false	1	2012-06-06T10:57:22+08:00	54396
219	3453875162356897	3453874537253117	false	26	2012-06-06T10:57:50+08:00	54424
220	3453875174942372	3453874189304606	false	2	2012-06-06T10:57:54+08:00	54428
221	3453875383774452	3453874746882640	false	4	2012-06-06T10:58:44+08:00	54478
222	3453875769670529	3453864890179327	false	12	2012-06-06T11:00:16+08:00	54570
223	3453876378316018	3453646882841201	false	1	2012-06-06T11:02:41+08:00	54715
224	3453876617446339	3453858913541687	false	2	2012-06-06T11:03:38+08:00	54772
225	3453876818985691	3453646882841201	false	1	2012-06-06T11:04:27+08:00	54821
226	3453877384916399	3453853985096615	false	2	2012-06-06T11:06:41+08:00	54955
227	3453877582092214	3453646882841201	false	1	2012-06-06T11:07:28+08:00	55002
228	3453877607263699	3453875162356897	false	27	2012-06-06T11:07:34+08:00	55008
229	3453877615654287	3453877607263699	false	28	2012-06-06T11:07:35+08:00	55009
230	3453877762069120	3453646882841201	false	1	2012-06-06T11:08:12+08:00	55046
231	3453877804440051	3453646882841201	false	1	2012-06-06T11:08:20+08:00	55054
232	3453878085520967	3453860951673252	false	21	2012-06-06T11:09:25+08:00	55119
233	3453878169425789	3453859274124684	false	2	2012-06-06T11:09:46+08:00	55140
234	3453878454892705	3453859202089082	false	2	2012-06-06T11:10:56+08:00	55210
235	3453878597081940	3453865661802529	false	3	2012-06-06T11:11:30+08:00	55244
236	3453878727590037	3453646882841201	false	1	2012-06-06T11:12:01+08:00	55275
237	3453878772950491	3453864890179327	false	12	2012-06-06T11:12:11+08:00	55285
238	3453879004021441	3453875383774452	false	5	2012-06-06T11:13:07+08:00	55341
239	3453879180421509	3453646882841201	false	1	2012-06-06T11:13:49+08:00	55383
240	3453879268522914	3453646882841201	false	1	2012-06-06T11:14:10+08:00	55404
241	3453879314671269	3453646882841201	false	1	2012-06-06T11:14:21+08:00	55415
242	3453879331251438	3453646882841201	false	1	2012-06-06T11:14:24+08:00	55418
243	3453879465701730	3453646882841201	false	1	2012-06-06T11:14:55+08:00	55449
244	3453879469399047	3453646882841201	false	1	2012-06-06T11:14:58+08:00	55452
245	3453879473889940	3453878772950491	false	13	2012-06-06T11:14:59+08:00	55453
246	3453879578975939	3453858703781773	false	2	2012-06-06T11:15:24+08:00	55478
247	3453880027401681	3453879473889940	false	14	2012-06-06T11:17:09+08:00	55583
248	3453880073411686	3453646882841201	false	1	2012-06-06T11:17:21+08:00	55595
249	3453880673690785	3453864890179327	false	12	2012-06-06T11:19:43+08:00	55737
250	3453880736399864	3453646882841201	false	1	2012-06-06T11:20:00+08:00	55754
251	3453880820043553	3453873140118566	false	3	2012-06-06T11:20:20+08:00	55774
252	3453881067252529	3453875040692570	false	2	2012-06-06T11:21:19+08:00	55833
253	3453881256348342	3453880073411686	false	2	2012-06-06T11:22:04+08:00	55878
254	3453881419962878	3453860926725834	false	3	2012-06-06T11:22:42+08:00	55916
255	3453881591967704	3453862243118155	false	2	2012-06-06T11:23:24+08:00	55958
256	3453881734606265	3453646882841201	false	1	2012-06-06T11:23:56+08:00	55990
257	3453881810121436	3453871206967709	false	2	2012-06-06T11:24:15+08:00	56009
258	3453881814316776	3453646882841201	false	1	2012-06-06T11:24:17+08:00	56011
259	3453882116357809	3453880073411686	false	2	2012-06-06T11:25:29+08:00	56083
260	3453882153476998	3453877804440051	false	2	2012-06-06T11:25:37+08:00	56091
261	3453882166461165	3453646882841201	false	1	2012-06-06T11:25:41+08:00	56095
262	3453882582046252	3453646882841201	false	1	2012-06-06T11:27:20+08:00	56194
263	3453882736518454	3453646882841201	false	1	2012-06-06T11:27:57+08:00	56231
264	3453883156293672	3453881067252529	false	3	2012-06-06T11:29:36+08:00	56330
265	3453883181464942	3453878169425789	false	3	2012-06-06T11:29:43+08:00	56337
266	3453883277957333	3453646882841201	false	1	2012-06-06T11:30:06+08:00	56360
267	3453883282408862	3453646882841201	false	1	2012-06-06T11:30:06+08:00	56360
268	3453883466746346	3453646882841201	false	1	2012-06-06T11:30:51+08:00	56405
269	3453883580280531	3453646882841201	false	1	2012-06-06T11:31:18+08:00	56432
270	3453883714531125	3453646882841201	false	1	2012-06-06T11:31:50+08:00	56464
271	3453883852711870	3453879473889940	false	14	2012-06-06T11:32:21+08:00	56495
272	3453883856907641	3453646882841201	false	1	2012-06-06T11:32:22+08:00	56496
273	3453884078508213	3453883580280531	false	2	2012-06-06T11:33:16+08:00	56550
274	3453884901059469	3453864890179327	false	12	2012-06-06T11:36:33+08:00	56747
275	3453885031601477	3453646882841201	false	1	2012-06-06T11:37:04+08:00	56778
276	3453885048383400	3453646882841201	false	1	2012-06-06T11:37:08+08:00	56782
277	3453885437999368	3453646882841201	false	1	2012-06-06T11:38:41+08:00	56875
278	3453885547076109	3453880073411686	false	2	2012-06-06T11:39:05+08:00	56899
279	3453885651456745	3453646882841201	false	1	2012-06-06T11:39:31+08:00	56925
280	3453885928844921	3453646882841201	false	1	2012-06-06T11:40:38+08:00	56992
281	3453886066876073	3453646882841201	false	1	2012-06-06T11:41:11+08:00	57025
282	3453886146410899	3453879004021441	false	6	2012-06-06T11:41:31+08:00	57045
283	3453886583340405	3453646882841201	false	1	2012-06-06T11:43:14+08:00	57148
284	3453886742194537	3453879473889940	false	14	2012-06-06T11:43:52+08:00	57186
285	3453887740491807	3453646882841201	false	1	2012-06-06T11:47:50+08:00	57424
286	3453888311216354	3453886146410899	false	7	2012-06-06T11:50:04+08:00	57558
287	3453888416418098	3453646882841201	false	1	2012-06-06T11:50:31+08:00	57585
288	3453888802060094	3453646882841201	false	1	2012-06-06T11:52:03+08:00	57677
289	3453889045122017	3453879473889940	false	14	2012-06-06T11:53:01+08:00	57735
290	3453889099989079	3453646882841201	false	1	2012-06-06T11:53:14+08:00	57748
291	3453889187759418	3453888802060094	false	2	2012-06-06T11:53:35+08:00	57769
292	3453890341532696	3453883466746346	false	2	2012-06-06T11:58:10+08:00	58044
293	3453890391531187	3453883852711870	false	15	2012-06-06T11:58:22+08:00	58056
294	3453890684620520	3453646882841201	false	1	2012-06-06T11:59:31+08:00	58125
295	3453891159350491	3453646882841201	false	1	2012-06-06T12:01:25+08:00	58239
296	3453892216185648	3453646882841201	false	1	2012-06-06T12:05:37+08:00	58491
297	3453892551906187	3453890684620520	false	2	2012-06-06T12:06:57+08:00	58571
298	3453892564124534	3453646882841201	false	1	2012-06-06T12:07:00+08:00	58574
299	3453892706760674	3453646882841201	false	1	2012-06-06T12:07:33+08:00	58607
300	3453892715521291	3453890684620520	false	2	2012-06-06T12:07:36+08:00	58610
301	3453892857788264	3453646882841201	false	1	2012-06-06T12:08:10+08:00	58644
302	3453893210296083	3453887740491807	false	2	2012-06-06T12:09:33+08:00	58727
303	3453893231271736	3453891159350491	false	2	2012-06-06T12:09:38+08:00	58732
304	3453893302477709	3453875040692570	false	2	2012-06-06T12:09:56+08:00	58750
305	3453893365080041	3453646882841201	false	1	2012-06-06T12:10:11+08:00	58765
306	3453893419943543	3453646882841201	false	1	2012-06-06T12:10:24+08:00	58778
307	3453893600336398	3453646882841201	false	1	2012-06-06T12:11:07+08:00	58821
308	3453893725930291	3453879268522914	false	2	2012-06-06T12:11:37+08:00	58851
309	3453893860176796	3453883580280531	false	2	2012-06-06T12:12:07+08:00	58881
310	3453894137060593	3453880073411686	false	2	2012-06-06T12:13:15+08:00	58949
311	3453894455895544	3453646882841201	false	1	2012-06-06T12:14:31+08:00	59025
312	3453894492976614	3453646882841201	false	1	2012-06-06T12:14:38+08:00	59032
313	3453894522765782	3453888311216354	false	8	2012-06-06T12:14:47+08:00	59041
314	3453894555894260	3453880073411686	false	2	2012-06-06T12:14:55+08:00	59049
315	3453895051353318	3453646882841201	false	1	2012-06-06T12:16:51+08:00	59165
316	3453895206471624	3453894522765782	false	9	2012-06-06T12:17:30+08:00	59204
317	3453895244333119	3453893860176796	false	3	2012-06-06T12:17:39+08:00	59213
318	3453895445559097	3453894522765782	false	9	2012-06-06T12:18:27+08:00	59261
319	3453895554915525	3453894522765782	false	9	2012-06-06T12:18:53+08:00	59287
320	3453895806287585	3453894522765782	false	9	2012-06-06T12:19:53+08:00	59347
321	3453895810688091	3453879473889940	false	14	2012-06-06T12:19:53+08:00	59347
322	3453895814883406	3453879473889940	false	14	2012-06-06T12:19:55+08:00	59349
323	3453895898788157	3453646882841201	false	1	2012-06-06T12:20:13+08:00	59367
324	3453896410344425	3453646882841201	false	1	2012-06-06T12:22:15+08:00	59489
325	3453896469077378	3453646882841201	false	1	2012-06-06T12:22:31+08:00	59505
326	3453896602818228	3453646882841201	false	1	2012-06-06T12:23:03+08:00	59537
327	3453896876015715	3453646882841201	false	1	2012-06-06T12:24:06+08:00	59600
328	3453896909728901	3453875162356897	false	27	2012-06-06T12:24:15+08:00	59609
329	3453897295696831	3453895814883406	false	15	2012-06-06T12:25:48+08:00	59702
330	3453897408166952	3453894522765782	false	9	2012-06-06T12:26:13+08:00	59727
331	3453897681404217	3453894522765782	false	9	2012-06-06T12:27:19+08:00	59793
332	3453897722924180	3453894522765782	false	9	2012-06-06T12:27:31+08:00	59805
333	3453897786126200	3453646882841201	false	1	2012-06-06T12:27:44+08:00	59818
334	3453897907950961	3453646882841201	false	1	2012-06-06T12:28:12+08:00	59846
335	3453898243412598	3453646882841201	false	1	2012-06-06T12:29:34+08:00	59928
336	3453898260358688	3453646882841201	false	1	2012-06-06T12:29:38+08:00	59932
337	3453898486478442	3453894522765782	false	9	2012-06-06T12:30:33+08:00	59987
338	3453898726043029	3453856518609246	false	3	2012-06-06T12:31:29+08:00	60043
339	3453898885204274	3453897722924180	false	10	2012-06-06T12:32:06+08:00	60080
340	3453898889399597	3453893860176796	false	3	2012-06-06T12:32:06+08:00	60080
341	3453899048396895	3453897722924180	false	10	2012-06-06T12:32:45+08:00	60119
342	3453899102925879	3453646882841201	false	1	2012-06-06T12:32:58+08:00	60132
343	3453899149337054	3453897722924180	false	10	2012-06-06T12:33:08+08:00	60142
344	3453899341584357	3453894522765782	false	9	2012-06-06T12:33:55+08:00	60189
345	3453899459967530	3453646882841201	false	1	2012-06-06T12:34:24+08:00	60218
346	3453899689730808	3453894522765782	false	9	2012-06-06T12:35:19+08:00	60273
347	3453899702744636	3453894522765782	false	9	2012-06-06T12:35:22+08:00	60276
348	3453899719635725	3453894522765782	false	9	2012-06-06T12:35:26+08:00	60280
349	3453899735870695	3453879473889940	false	14	2012-06-06T12:35:30+08:00	60284
350	3453899962375588	3453897722924180	false	10	2012-06-06T12:36:23+08:00	60337
351	3453899987973211	3453858053786027	false	2	2012-06-06T12:36:28+08:00	60342
352	3453900227061958	3453646882841201	false	1	2012-06-06T12:37:28+08:00	60402
353	3453900276965784	3453855323079481	false	2	2012-06-06T12:37:38+08:00	60412
354	3453900298590028	3453879004021441	false	6	2012-06-06T12:37:43+08:00	60417
355	3453900297938381	3453897722924180	false	10	2012-06-06T12:37:44+08:00	60418
356	3453900441231563	3453646882841201	false	1	2012-06-06T12:38:17+08:00	60451
357	3453900511859890	3453899341584357	false	10	2012-06-06T12:38:35+08:00	60469
358	3453900684297820	3453894522765782	false	9	2012-06-06T12:39:15+08:00	60509
359	3453900885173416	3453646882841201	false	1	2012-06-06T12:40:04+08:00	60558
360	3453900889536868	3453646882841201	false	1	2012-06-06T12:40:05+08:00	60559
361	3453900936018050	3453899341584357	false	10	2012-06-06T12:40:16+08:00	60570
362	3453901023593539	3453897722924180	false	10	2012-06-06T12:40:37+08:00	60591
363	3453901325600092	3453894522765782	false	9	2012-06-06T12:41:49+08:00	60663
364	3453901389112893	3453646882841201	false	1	2012-06-06T12:42:04+08:00	60678
365	3453901515175246	3453893725930291	false	3	2012-06-06T12:42:34+08:00	60708
366	3453901519370587	3453894522765782	false	9	2012-06-06T12:42:35+08:00	60709
367	3453901615660700	3453894522765782	false	9	2012-06-06T12:42:58+08:00	60732
368	3453901623581064	3453880073411686	false	2	2012-06-06T12:43:00+08:00	60734
369	3453901817242635	3453899689730808	false	10	2012-06-06T12:43:45+08:00	60779
370	3453901913004698	3453646882841201	false	1	2012-06-06T12:44:09+08:00	60803
371	3453901984588291	3453894522765782	false	9	2012-06-06T12:44:26+08:00	60820
372	3453902164507693	3453897722924180	false	10	2012-06-06T12:45:08+08:00	60862
373	3453902525407858	3453902164507693	false	11	2012-06-06T12:46:35+08:00	60949
374	3453902609693670	3453901817242635	false	11	2012-06-06T12:46:54+08:00	60968
375	3453902680436206	3453894522765782	false	9	2012-06-06T12:47:10+08:00	60984
376	3453902714315785	3453894522765782	false	9	2012-06-06T12:47:19+08:00	60993
377	3453902802417104	3453897722924180	false	10	2012-06-06T12:47:41+08:00	61015
378	3453902827245053	3453646882841201	false	1	2012-06-06T12:47:47+08:00	61021
379	3453902886543473	3453646882841201	false	1	2012-06-06T12:48:01+08:00	61035
380	3453902966035075	3453646882841201	false	1	2012-06-06T12:48:20+08:00	61054
381	3453903045746285	3453902802417104	false	11	2012-06-06T12:48:39+08:00	61073
382	3453903268324565	3453901984588291	false	10	2012-06-06T12:49:32+08:00	61126
383	3453903355757147	3453902525407858	false	12	2012-06-06T12:49:53+08:00	61147
384	3453903377178362	3453646882841201	false	1	2012-06-06T12:49:56+08:00	61150
385	3453903666888083	3453902802417104	false	11	2012-06-06T12:51:07+08:00	61221
386	3453903674280048	3453646882841201	false	1	2012-06-06T12:51:09+08:00	61223
387	3453903742405168	3453860859862918	false	3	2012-06-06T12:51:24+08:00	61238
388	3453903876395634	3453866937210618	false	2	2012-06-06T12:51:56+08:00	61270
389	3453903901334729	3453646882841201	false	1	2012-06-06T12:52:02+08:00	61276
390	3453903988870281	3453900511859890	false	11	2012-06-06T12:52:23+08:00	61297
391	3453903997259461	3453903988870281	false	12	2012-06-06T12:52:26+08:00	61300
392	3453904128120285	3453646882841201	false	1	2012-06-06T12:52:57+08:00	61331
393	3453904136274627	3453897722924180	false	10	2012-06-06T12:52:59+08:00	61333
394	3453904186618660	3453646882841201	false	1	2012-06-06T12:53:11+08:00	61345
395	3453904265710223	3453897722924180	false	10	2012-06-06T12:53:30+08:00	61364
396	3453904375648659	3453900889536868	false	2	2012-06-06T12:53:56+08:00	61390
397	3453904417362947	3453901984588291	false	10	2012-06-06T12:54:06+08:00	61400
398	3453905113439977	3453646882841201	false	1	2012-06-06T12:56:52+08:00	61566
399	3453905155481326	3453646882841201	false	1	2012-06-06T12:57:00+08:00	61574
400	3453905193240209	3453646882841201	false	1	2012-06-06T12:57:11+08:00	61585
401	3453905235444273	3453879473889940	false	14	2012-06-06T12:57:21+08:00	61595
402	3453905340076204	3453880073411686	false	2	2012-06-06T12:57:45+08:00	61619
403	3453905347900717	3453892706760674	false	2	2012-06-06T12:57:48+08:00	61622
404	3453905575015495	3453877582092214	false	2	2012-06-06T12:58:42+08:00	61676
405	3453905637946023	3453893419943543	false	2	2012-06-06T12:58:57+08:00	61691
406	3453905939748983	3453904417362947	false	11	2012-06-06T13:00:07+08:00	61761
407	3453905990355865	3453880073411686	false	2	2012-06-06T13:00:20+08:00	61774
408	3453906137196241	3453875015520502	false	11	2012-06-06T13:00:56+08:00	61810
409	3453906195931669	3453646882841201	false	1	2012-06-06T13:01:10+08:00	61824
410	3453906300060573	3453646882841201	false	1	2012-06-06T13:01:35+08:00	61849
411	3453906518977776	3453904417362947	false	11	2012-06-06T13:02:26+08:00	61900
412	3453906640644438	3453894522765782	false	9	2012-06-06T13:02:56+08:00	61930
413	3453907097021743	3453894522765782	false	9	2012-06-06T13:04:45+08:00	62039
414	3453907177393406	3453897722924180	false	10	2012-06-06T13:05:03+08:00	62057
415	3453907357796164	3453905347900717	false	3	2012-06-06T13:05:45+08:00	62099
416	3453907818480785	3453646882841201	false	1	2012-06-06T13:07:37+08:00	62211
417	3453907957072732	3453882736518454	false	2	2012-06-06T13:08:10+08:00	62244
418	3453907982358960	3453853405793080	false	2	2012-06-06T13:08:16+08:00	62250
419	3453908099514357	3453894522765782	false	9	2012-06-06T13:08:42+08:00	62276
420	3453909332879721	3453897722924180	false	10	2012-06-06T13:13:36+08:00	62570
421	3453909521785421	3453646882841201	false	1	2012-06-06T13:14:21+08:00	62615
422	3453910045515350	3453903997259461	false	13	2012-06-06T13:16:28+08:00	62742
423	3453911249733474	3453892857788264	false	2	2012-06-06T13:21:13+08:00	63027
424	3453911253713834	3453646882841201	false	1	2012-06-06T13:21:15+08:00	63029
425	3453911279435547	3453900936018050	false	11	2012-06-06T13:21:22+08:00	63036
426	3453911560524168	3453905990355865	false	3	2012-06-06T13:22:29+08:00	63103
427	3453911812244361	3453910045515350	false	14	2012-06-06T13:23:29+08:00	63163
428	3453911828683301	3453646882841201	false	1	2012-06-06T13:23:33+08:00	63167
429	3453911958819741	3453878085520967	false	22	2012-06-06T13:24:05+08:00	63199
430	3453912319619913	3453900889536868	false	2	2012-06-06T13:25:29+08:00	63283
431	3453912361223179	3453905990355865	false	3	2012-06-06T13:25:40+08:00	63294
432	3453912688241962	3453646882841201	false	1	2012-06-06T13:26:58+08:00	63372
433	3453912776327059	3453646882841201	false	1	2012-06-06T13:27:19+08:00	63393
434	3453912915355053	3453894522765782	false	9	2012-06-06T13:27:52+08:00	63426
435	3453913417652091	3453646882841201	false	1	2012-06-06T13:29:52+08:00	63546
436	3453913439507906	3453646882841201	false	1	2012-06-06T13:29:57+08:00	63551
437	3453913938380720	3453900889536868	false	2	2012-06-06T13:31:55+08:00	63669
438	3453914546808025	3453872134131343	false	3	2012-06-06T13:34:22+08:00	63816
439	3453914697837717	3453912776327059	false	2	2012-06-06T13:34:57+08:00	63851
440	3453915057710015	3453913938380720	false	3	2012-06-06T13:36:22+08:00	63936
441	3453915352040787	3453912319619913	false	3	2012-06-06T13:37:32+08:00	64006
442	3453915431623621	3453646882841201	false	1	2012-06-06T13:37:52+08:00	64026
443	3453915767375082	3453905990355865	false	3	2012-06-06T13:39:12+08:00	64106
444	3453916203283960	3453905990355865	false	3	2012-06-06T13:40:56+08:00	64210
445	3453916711050983	3453646882841201	false	1	2012-06-06T13:42:57+08:00	64331
446	3453917008915323	3453897722924180	false	10	2012-06-06T13:44:08+08:00	64402
447	3453917029309439	3453646882841201	false	1	2012-06-06T13:44:13+08:00	64407
448	3453917042477658	3453646882841201	false	1	2012-06-06T13:44:14+08:00	64408
449	3453917096604565	3453915767375082	false	4	2012-06-06T13:44:29+08:00	64423
450	3453918132982769	3453876617446339	false	3	2012-06-06T13:48:36+08:00	64670
451	3453918250449436	3453646882841201	false	1	2012-06-06T13:49:04+08:00	64698
452	3453918384696839	3453646882841201	false	1	2012-06-06T13:49:36+08:00	64730
453	3453919244456254	3453646882841201	false	1	2012-06-06T13:53:01+08:00	64935
454	3453919340945496	3453915767375082	false	4	2012-06-06T13:53:22+08:00	64956
455	3453919508312679	3453860012424650	false	3	2012-06-06T13:54:04+08:00	64998
456	3453920045476590	3453646882841201	false	1	2012-06-06T13:56:11+08:00	65125
457	3453920070462924	3453646882841201	false	1	2012-06-06T13:56:18+08:00	65132
458	3453920238268183	3453892857788264	false	2	2012-06-06T13:56:58+08:00	65172
459	3453920389294015	3453646882841201	false	1	2012-06-06T13:57:33+08:00	65207
460	3453920543865864	3453646882841201	false	1	2012-06-06T13:58:11+08:00	65245
461	3453920939053893	3453914546808025	false	4	2012-06-06T13:59:43+08:00	65337
462	3453924067886910	3453646882841201	false	1	2012-06-06T14:12:11+08:00	66085
463	3453925065832921	3453646882841201	false	1	2012-06-06T14:16:09+08:00	66323
464	3453925091250387	3453646882841201	false	1	2012-06-06T14:16:15+08:00	66329
465	3453926319433356	3453911812244361	false	15	2012-06-06T14:21:08+08:00	66622
466	3453926345088748	3453646882841201	false	1	2012-06-06T14:21:14+08:00	66628
467	3453926349545456	3453646882841201	false	1	2012-06-06T14:21:15+08:00	66629
468	3453926944992202	3453646882841201	false	1	2012-06-06T14:23:38+08:00	66772
469	3453927615953599	3453905990355865	false	3	2012-06-06T14:26:16+08:00	66930
470	3453928224534865	3453646882841201	false	1	2012-06-06T14:28:42+08:00	67076
471	3453928508963510	3453911253713834	false	2	2012-06-06T14:29:50+08:00	67144
472	3453929931080857	3453646882841201	false	1	2012-06-06T14:35:29+08:00	67483
473	3453930212112655	3453646882841201	false	1	2012-06-06T14:36:36+08:00	67550
474	3453930543033680	3453646882841201	false	1	2012-06-06T14:37:55+08:00	67629
475	3453931080618618	3453646882841201	false	1	2012-06-06T14:40:03+08:00	67757
476	3453931142847231	3453646882841201	false	1	2012-06-06T14:40:19+08:00	67773
477	3453931801565730	3453646882841201	false	1	2012-06-06T14:42:55+08:00	67929
478	3453931873238437	3453931142847231	false	2	2012-06-06T14:43:12+08:00	67946
479	3453931982645635	3453905990355865	false	3	2012-06-06T14:43:38+08:00	67972
480	3453932065635990	3453928508963510	false	3	2012-06-06T14:43:58+08:00	67992
481	3453932107763632	3453646882841201	false	1	2012-06-06T14:44:08+08:00	68002
482	3453932170681140	3453646882841201	false	1	2012-06-06T14:44:24+08:00	68018
483	3453932179482669	3453881810121436	false	3	2012-06-06T14:44:24+08:00	68018
484	3453932753532926	3453931142847231	false	2	2012-06-06T14:46:42+08:00	68156
485	3453932917566717	3453646882841201	false	1	2012-06-06T14:47:21+08:00	68195
486	3453933131518550	3453646882841201	false	1	2012-06-06T14:48:10+08:00	68244
487	3453933794447164	3453894522765782	false	9	2012-06-06T14:50:48+08:00	68402
488	3453934545017137	3453915057710015	false	4	2012-06-06T14:53:50+08:00	68584
489	3453934998201231	3453646882841201	false	1	2012-06-06T14:55:37+08:00	68691
490	3453935077798240	3453931080618618	false	2	2012-06-06T14:55:56+08:00	68710
491	3453935156985670	3453905990355865	false	3	2012-06-06T14:56:15+08:00	68729
492	3453935304071820	3453646882841201	false	1	2012-06-06T14:56:48+08:00	68762
493	3453935471757327	3453894522765782	false	9	2012-06-06T14:57:30+08:00	68804
494	3453935492730048	3453646882841201	false	1	2012-06-06T14:57:35+08:00	68809
495	3453936612690606	3453928508963510	false	3	2012-06-06T15:02:03+08:00	69077
496	3453936730153746	3453931873238437	false	3	2012-06-06T15:02:28+08:00	69102
497	3453937581766601	3453905575015495	false	3	2012-06-06T15:05:53+08:00	69307
498	3453939167003729	3453646882841201	false	1	2012-06-06T15:12:10+08:00	69684
499	3453940630846386	3453646882841201	false	1	2012-06-06T15:18:00+08:00	70034
500	3453940840602224	3453906518977776	false	12	2012-06-06T15:18:47+08:00	70081
501	3453941025188611	3453904417362947	false	11	2012-06-06T15:19:34+08:00	70128
502	3453941154624533	3453915767375082	false	4	2012-06-06T15:20:05+08:00	70159
503	3453941708750406	3453646882841201	false	1	2012-06-06T15:22:17+08:00	70291
504	3453942400397452	3453941708750406	false	2	2012-06-06T15:25:01+08:00	70455
505	3453942598314219	3453646882841201	false	1	2012-06-06T15:25:49+08:00	70503
506	3453943059123771	3453900298590028	false	7	2012-06-06T15:27:37+08:00	70611
507	3453943084742636	3453892706760674	false	2	2012-06-06T15:27:44+08:00	70618
508	3453943491160244	3453646882841201	false	1	2012-06-06T15:29:22+08:00	70716
509	3453943914621279	3453932179482669	false	4	2012-06-06T15:31:04+08:00	70818
510	3453944732908703	3453892706760674	false	2	2012-06-06T15:34:18+08:00	71012
511	3453945236081717	3453899987973211	false	3	2012-06-06T15:36:17+08:00	71131
512	3453945839641687	3453894522765782	false	9	2012-06-06T15:38:42+08:00	71276
513	3453946334594722	3453936612690606	false	4	2012-06-06T15:40:38+08:00	71392
514	3453946380734462	3453896876015715	false	2	2012-06-06T15:40:48+08:00	71402
515	3453948633615118	3453915767375082	false	4	2012-06-06T15:49:46+08:00	71940
516	3453948709414749	3453926319433356	false	16	2012-06-06T15:50:04+08:00	71958
517	3453953096583145	3453646882841201	false	1	2012-06-06T16:07:32+08:00	73006
518	3453953641964692	3453895244333119	false	4	2012-06-06T16:09:42+08:00	73136
519	3453953746845789	3453912915355053	false	10	2012-06-06T16:10:05+08:00	73159
520	3453955592228998	3453646882841201	false	1	2012-06-06T16:17:27+08:00	73601
521	3453956896560718	3453646882841201	false	1	2012-06-06T16:22:39+08:00	73913
522	3453957844412977	3453857399336222	false	18	2012-06-06T16:26:23+08:00	74137
523	3453957877606494	3453646882841201	false	1	2012-06-06T16:26:32+08:00	74146
524	3453959110800695	3453905990355865	false	3	2012-06-06T16:31:24+08:00	74438
525	3453959174192887	3453905990355865	false	3	2012-06-06T16:31:40+08:00	74454
526	3453960104449969	3453865661802529	false	3	2012-06-06T16:35:22+08:00	74676
527	3453960348189079	3453646882841201	false	1	2012-06-06T16:36:21+08:00	74735
528	3453961426526350	3453920045476590	false	2	2012-06-06T16:40:38+08:00	74992
529	3453961867030593	3453961426526350	false	3	2012-06-06T16:42:20+08:00	75094
530	3453962139262881	3453905990355865	false	3	2012-06-06T16:43:25+08:00	75159
531	3453963913276428	3453646882841201	false	1	2012-06-06T16:50:31+08:00	75585
532	3453966178062263	3453893302477709	false	3	2012-06-06T16:59:31+08:00	76125
533	3453967143116123	3453894522765782	false	9	2012-06-06T17:03:19+08:00	76353
534	3453968225496974	3453646882841201	false	1	2012-06-06T17:07:38+08:00	76612
535	3453969256976086	3453858913541687	false	2	2012-06-06T17:11:44+08:00	76858
536	3453969395269840	3453905990355865	false	3	2012-06-06T17:12:18+08:00	76892
537	3453971274609866	3453854706395764	false	3	2012-06-06T17:19:46+08:00	77340
538	3453972658846333	3453646882841201	false	1	2012-06-06T17:25:16+08:00	77670
539	3453973422034736	3453942400397452	false	3	2012-06-06T17:28:18+08:00	77852
540	3453974982382508	3453862688468761	false	10	2012-06-06T17:34:30+08:00	78224
541	3453978677685820	3453900889536868	false	2	2012-06-06T17:49:09+08:00	79103
542	3453978823852513	3453853842614109	false	2	2012-06-06T17:49:46+08:00	79140
543	3453979021694108	3453905990355865	false	3	2012-06-06T17:50:34+08:00	79188
544	3453980107577593	3453880073411686	false	2	2012-06-06T17:54:51+08:00	79445
545	3453980183341235	3453646882841201	false	1	2012-06-06T17:55:10+08:00	79464
546	3453981143163650	3453948709414749	false	17	2012-06-06T17:58:59+08:00	79693
547	3453981156359241	3453646882841201	false	1	2012-06-06T17:59:02+08:00	79696
548	3453981534107085	3453646882841201	false	1	2012-06-06T18:00:31+08:00	79785
549	3453987540051066	3453865229766222	false	2	2012-06-06T18:24:22+08:00	81216
550	3453989272647731	3453646882841201	false	1	2012-06-06T18:31:15+08:00	81629
551	3453989780002496	3453646882841201	false	1	2012-06-06T18:33:17+08:00	81751
552	3453991075768690	3453989780002496	false	2	2012-06-06T18:38:28+08:00	82062
553	3453992086539187	3453646882841201	false	1	2012-06-06T18:42:25+08:00	82299
554	3453992502155808	3453646882841201	false	1	2012-06-06T18:44:07+08:00	82401
555	3453993257029363	3453969395269840	false	4	2012-06-06T18:47:07+08:00	82581
556	3453993709802157	3453987540051066	false	3	2012-06-06T18:48:55+08:00	82689
557	3453994393134774	3453646882841201	false	1	2012-06-06T18:51:38+08:00	82852
558	3453995035211770	3453994393134774	false	2	2012-06-06T18:54:11+08:00	83005
559	3453995056187559	3453993257029363	false	5	2012-06-06T18:54:16+08:00	83010
560	3453995429556821	3453905990355865	false	3	2012-06-06T18:55:43+08:00	83097
561	3453997639431410	3453646882841201	false	1	2012-06-06T19:04:31+08:00	83625
562	3453997929707142	3453646882841201	false	1	2012-06-06T19:05:39+08:00	83693
563	3454000475302912	3453646882841201	false	1	2012-06-06T19:15:46+08:00	84300
564	3454005302320712	3453646882841201	false	1	2012-06-06T19:34:57+08:00	85451
565	3454006678130179	3453646882841201	false	1	2012-06-06T19:40:27+08:00	85781
566	3454006992927830	3454006678130179	false	2	2012-06-06T19:41:42+08:00	85856
567	3454007114569915	3454006678130179	false	2	2012-06-06T19:42:11+08:00	85885
568	3454008276571678	3453906195931669	false	2	2012-06-06T19:46:47+08:00	86161
569	3454008397892149	3454006678130179	false	2	2012-06-06T19:47:18+08:00	86192
570	3454008734065316	3453646882841201	false	1	2012-06-06T19:48:37+08:00	86271
571	3454009643408009	3454006678130179	false	2	2012-06-06T19:52:13+08:00	86487
572	3454010881300197	3453905990355865	false	3	2012-06-06T19:57:06+08:00	86780
573	3454011024178926	3453646882841201	false	1	2012-06-06T19:57:40+08:00	86814
574	3454011438881430	3453646882841201	false	1	2012-06-06T19:59:22+08:00	86916
575	3454011443075885	3454008276571678	false	3	2012-06-06T19:59:23+08:00	86917
576	3454012797915728	3453991075768690	false	3	2012-06-06T20:04:47+08:00	87241
577	3454013658315500	3454011024178926	false	2	2012-06-06T20:08:10+08:00	87444
578	3454014085696173	3453646882841201	false	1	2012-06-06T20:09:53+08:00	87547
579	3454015285581519	3454011438881430	false	2	2012-06-06T20:14:39+08:00	87833
580	3454019069011731	3453646882841201	false	1	2012-06-06T20:29:41+08:00	88735
581	3454019223451910	3453646882841201	false	1	2012-06-06T20:30:18+08:00	88772
582	3454019760145206	3454019223451910	false	2	2012-06-06T20:32:26+08:00	88900
583	3454020310219119	3453646882841201	false	1	2012-06-06T20:34:35+08:00	89029
584	3454021169515615	3453646882841201	false	1	2012-06-06T20:38:02+08:00	89236
585	3454023376370389	3453646882841201	false	1	2012-06-06T20:46:48+08:00	89762
586	3454024429159030	3453992086539187	false	2	2012-06-06T20:50:57+08:00	90011
587	3454024622148526	3453646882841201	false	1	2012-06-06T20:51:44+08:00	90058
588	3454025842305554	3454024622148526	false	2	2012-06-06T20:56:36+08:00	90350
589	3454026366918264	3453646882841201	false	1	2012-06-06T20:58:39+08:00	90473
590	3454028413760180	3453646882841201	false	1	2012-06-06T21:06:49+08:00	90963
591	3454031986754705	3453646882841201	false	1	2012-06-06T21:21:01+08:00	91815
592	3454032217678868	3453646882841201	false	1	2012-06-06T21:21:53+08:00	91867
593	3454032465205807	3453646882841201	false	1	2012-06-06T21:22:55+08:00	91929
594	3454034625636566	3454032217678868	false	2	2012-06-06T21:31:29+08:00	92443
595	3454036534066711	3454008276571678	false	3	2012-06-06T21:39:03+08:00	92897
596	3454037665760470	3454031986754705	false	2	2012-06-06T21:43:35+08:00	93169
597	3454038500864641	3453905990355865	false	3	2012-06-06T21:46:51+08:00	93365
598	3454039746242479	3453997929707142	false	2	2012-06-06T21:51:51+08:00	93665
599	3454040794897587	3453646882841201	false	1	2012-06-06T21:56:00+08:00	93914
600	3454044662536931	3453943059123771	false	8	2012-06-06T22:11:23+08:00	94837
601	3454049476990812	3453894522765782	false	9	2012-06-06T22:30:31+08:00	95985
602	3454050747744657	3453995056187559	false	6	2012-06-06T22:35:34+08:00	96288
603	3454051435663104	3453646882841201	false	1	2012-06-06T22:38:18+08:00	96452
604	3454051495034424	3453646882841201	false	1	2012-06-06T22:38:30+08:00	96464
605	3454052216313654	3454008276571678	false	3	2012-06-06T22:41:22+08:00	96636
606	3454057530681028	3453905990355865	false	3	2012-06-06T23:02:31+08:00	97905
607	3454059933403009	3453892551906187	false	3	2012-06-06T23:12:04+08:00	98478
608	3454061062194877	3453646882841201	false	1	2012-06-06T23:16:33+08:00	98747
609	3454062760594545	3453646882841201	false	1	2012-06-06T23:23:18+08:00	99152
610	3454063318613310	3453646882841201	false	1	2012-06-06T23:25:31+08:00	99285
611	3454063553077736	3453866517658166	false	2	2012-06-06T23:26:26+08:00	99340
612	3454066627872226	3453646882841201	false	1	2012-06-06T23:38:40+08:00	100074
613	3454067273721060	3453646882841201	false	1	2012-06-06T23:41:14+08:00	100228
614	3454068296880521	3453646882841201	false	1	2012-06-06T23:45:19+08:00	100473
615	3454069912358400	3453646882841201	false	1	2012-06-06T23:51:42+08:00	100856
616	3454070260322734	3454066627872226	false	2	2012-06-06T23:53:06+08:00	100940
617	3454071010818857	3453646882841201	false	1	2012-06-06T23:56:03+08:00	101117
618	3454071853593345	3453646882841201	false	1	2012-06-06T23:59:26+08:00	101320
619	3454073212859769	3454063318613310	false	2	2012-06-07T00:04:50+08:00	101644
620	3454073347377003	3453880073411686	false	2	2012-06-07T00:05:22+08:00	101676
621	3454073666222651	3454066627872226	false	2	2012-06-07T00:06:38+08:00	101752
622	3454078078582395	3453905990355865	false	3	2012-06-07T00:24:07+08:00	102801
623	3454078988671038	3454068296880521	false	2	2012-06-07T00:27:46+08:00	103020
624	3454086273471629	3453892706760674	false	2	2012-06-07T00:56:45+08:00	104759
625	3454093235940437	3453646882841201	false	1	2012-06-07T01:24:24+08:00	106418
626	3454102455709330	3453646882841201	false	1	2012-06-07T02:01:02+08:00	108616
627	3454106998105399	3453892706760674	false	2	2012-06-07T02:19:05+08:00	109699
628	3454107929533467	3454063318613310	false	2	2012-06-07T02:22:47+08:00	109921
629	3454115453611877	3453646882841201	false	1	2012-06-07T02:52:40+08:00	111714
630	3454142393668298	3453646882841201	false	1	2012-06-07T04:39:43+08:00	118137
631	3454162857460727	3453646882841201	false	1	2012-06-07T06:01:03+08:00	123017
632	3454194465505394	3454010881300197	false	4	2012-06-07T08:06:38+08:00	130552
633	3454196135136099	3453646882841201	false	1	2012-06-07T08:13:16+08:00	130950
634	3454203034754071	3454012797915728	false	4	2012-06-07T08:40:42+08:00	132596
635	3454211020883136	3453646882841201	false	1	2012-06-07T09:12:26+08:00	134500
636	3454218800890675	3453646882841201	false	1	2012-06-07T09:43:22+08:00	136356
637	3454219833517426	3453646882841201	false	1	2012-06-07T09:47:27+08:00	136601
638	3454220311507992	3454219833517426	false	2	2012-06-07T09:49:21+08:00	136715
639	3454220525462878	3454220311507992	false	3	2012-06-07T09:50:11+08:00	136765
640	3454222802630998	3453646882841201	false	1	2012-06-07T09:59:15+08:00	137309
641	3454224765705357	3454073212859769	false	3	2012-06-07T10:07:03+08:00	137777
642	3454234986771828	3453646882841201	false	1	2012-06-07T10:47:40+08:00	140214
643	3454237046688629	3453646882841201	false	1	2012-06-07T10:55:50+08:00	140704
644	3454238695143649	3453646882841201	false	1	2012-06-07T11:02:24+08:00	141098
645	3454240091915673	3453646882841201	false	1	2012-06-07T11:07:57+08:00	141431
646	3454244835444933	3453646882841201	false	1	2012-06-07T11:26:48+08:00	142562
647	3454249164319057	3453948709414749	false	17	2012-06-07T11:44:00+08:00	143594
648	3454249264744145	3453646882841201	false	1	2012-06-07T11:44:23+08:00	143617
649	3454267530866386	3453646882841201	false	1	2012-06-07T12:56:59+08:00	147973
650	3454290876531849	3453881810121436	false	3	2012-06-07T14:29:45+08:00	153539
651	3454301240487968	3453646882841201	false	1	2012-06-07T15:10:56+08:00	156010
652	3454304084353164	3453880073411686	false	2	2012-06-07T15:22:14+08:00	156688
653	3454305095032114	3453646882841201	false	1	2012-06-07T15:26:15+08:00	156929
654	3454308550585794	3453893365080041	false	2	2012-06-07T15:39:59+08:00	157753
655	3454318507829376	3453646882841201	false	1	2012-06-07T16:19:33+08:00	160127
656	3454324674298219	3453646882841201	false	1	2012-06-07T16:44:03+08:00	161597
657	3454333217949163	3453892706760674	false	2	2012-06-07T17:18:00+08:00	163634
658	3454339912032918	3453646882841201	false	1	2012-06-07T17:44:36+08:00	165230
659	3454368973642055	3453646882841201	false	1	2012-06-07T19:40:05+08:00	172159
660	3454393607571667	3453646882841201	false	1	2012-06-07T21:17:56+08:00	178030
661	3454410825051800	3453858913541687	false	2	2012-06-07T22:26:22+08:00	182136
662	3454415472450520	3454410825051800	false	3	2012-06-07T22:44:52+08:00	183246
663	3454416071678932	3453646882841201	false	1	2012-06-07T22:47:14+08:00	183388
664	3454418126769628	3453646882841201	false	1	2012-06-07T22:55:21+08:00	183875
665	3454421268538793	3453646882841201	false	1	2012-06-07T23:07:53+08:00	184627
666	3454427815758552	3454421268538793	false	2	2012-06-07T23:33:50+08:00	186184
667	3454429073837832	3454427815758552	false	3	2012-06-07T23:38:54+08:00	186488
668	3454429980702231	3453646882841201	false	1	2012-06-07T23:42:29+08:00	186703
669	3454432194961212	3453926944992202	false	2	2012-06-07T23:51:18+08:00	187232
670	3454432412436920	3454037665760470	false	3	2012-06-07T23:52:11+08:00	187285
671	3454435134980906	3453646882841201	false	1	2012-06-08T00:02:56+08:00	187930
672	3454464701012911	3453646882841201	false	1	2012-06-08T02:00:28+08:00	194982
673	3454465966901488	3454432412436920	false	4	2012-06-08T02:05:30+08:00	195284
674	3454493456981096	3453646882841201	false	1	2012-06-08T03:54:44+08:00	201838
675	3454494094767338	3454493456981096	false	2	2012-06-08T03:57:16+08:00	201990
676	3454501086813115	3454494094767338	false	3	2012-06-08T04:25:03+08:00	203657
677	3454527962930432	3454494094767338	false	3	2012-06-08T06:11:50+08:00	210064
678	3454548486585037	3453939167003729	false	2	2012-06-08T07:33:23+08:00	214957
679	3454579183948238	3453934545017137	false	5	2012-06-08T09:35:22+08:00	222276
680	3454603830156560	3453646882841201	false	1	2012-06-08T11:13:18+08:00	228152
681	3454611673809959	3453646882841201	false	1	2012-06-08T11:44:27+08:00	230021
682	3454633685244343	3453646882841201	false	1	2012-06-08T13:11:57+08:00	235271
683	3454634972949762	3454579183948238	false	6	2012-06-08T13:17:04+08:00	235578
684	3454653276621109	3454008397892149	false	3	2012-06-08T14:29:46+08:00	239940
685	3454662617602237	3454579183948238	false	6	2012-06-08T15:06:55+08:00	242169
686	3454665566328397	3454010881300197	false	4	2012-06-08T15:18:37+08:00	242871
687	3454694309731846	3453646882841201	false	1	2012-06-08T17:12:49+08:00	249723
688	3454760810665592	3453946334594722	false	5	2012-06-08T21:37:04+08:00	265578
689	3454785364085389	3453912319619913	false	3	2012-06-08T23:14:40+08:00	271434
690	3454823783778520	3453646882841201	false	1	2012-06-09T01:47:20+08:00	280594
691	3454930716738975	3453646882841201	false	1	2012-06-09T08:52:16+08:00	306090
692	3454943665264347	3453646882841201	false	1	2012-06-09T09:43:40+08:00	309174
693	3454951809945151	3453646882841201	false	1	2012-06-09T10:16:04+08:00	311118
694	3454967916839618	3453881810121436	false	3	2012-06-09T11:20:04+08:00	314958
695	3454985289637521	3453646882841201	false	1	2012-06-09T12:29:06+08:00	319100
696	3455086271863673	3453646882841201	false	1	2012-06-09T19:10:20+08:00	343174
697	3455138838908307	3453646882841201	false	1	2012-06-09T22:39:14+08:00	355708
698	3455139987850613	3453646882841201	false	1	2012-06-09T22:43:48+08:00	355982
699	3455304191174471	3453646882841201	false	1	2012-06-10T09:36:18+08:00	395132
700	3455304253762609	3453646882841201	false	1	2012-06-10T09:36:33+08:00	395147
701	3455323124165631	3453646882841201	false	1	2012-06-10T10:51:30+08:00	399644
702	3455340371140780	3453892706760674	false	2	2012-06-10T12:00:04+08:00	403758
703	3455348281013253	3453892706760674	false	2	2012-06-10T12:31:30+08:00	405644
704	3455355185450888	3455348281013253	false	3	2012-06-10T12:58:54+08:00	407288
705	3455356699411853	3455355185450888	false	4	2012-06-10T13:04:57+08:00	407651
706	3455379515664656	3454304084353164	false	3	2012-06-10T14:35:36+08:00	413090
707	3455477771748259	3455086271863673	false	2	2012-06-10T21:06:03+08:00	436517
708	3455477838657513	3453646882841201	false	1	2012-06-10T21:06:20+08:00	436534
709	3455777148376847	3453900889536868	false	2	2012-06-11T16:55:40+08:00	507894
710	3455849328420768	3453646882841201	false	1	2012-06-11T21:42:30+08:00	525104
711	3455855904972028	3453646882841201	false	1	2012-06-11T22:08:36+08:00	526670
712	3456186244756501	3453892706760674	false	2	2012-06-12T20:01:15+08:00	605429
713	3456195702717473	3453646882841201	false	1	2012-06-12T20:38:51+08:00	607685
714	3456204317767901	3453646882841201	false	1	2012-06-12T21:13:03+08:00	609737
715	3456395271683476	3456186244756501	false	3	2012-06-13T09:51:50+08:00	655264
716	3456511592548121	3456395271683476	false	4	2012-06-13T17:34:06+08:00	683000
717	3456539266874899	3453646882841201	false	1	2012-06-13T19:24:02+08:00	689596
718	3456586573897089	3453646882841201	false	1	2012-06-13T22:32:02+08:00	700876
719	3456745324196610	3456586573897089	false	2	2012-06-14T09:02:51+08:00	738725
720	3456851225763489	3453646882841201	false	1	2012-06-14T16:03:40+08:00	763974
721	3457909062935075	3453900889536868	false	2	2012-06-17T14:07:07+08:00	1016181
722	3457909381653538	3457909062935075	false	3	2012-06-17T14:08:24+08:00	1016258
723	3457910128977679	3457909381653538	false	4	2012-06-17T14:11:21+08:00	1016435
724	3457913865281875	3457910128977679	false	5	2012-06-17T14:26:11+08:00	1017325
725	3457914565826725	3453646882841201	false	1	2012-06-17T14:29:01+08:00	1017495
726	3457914590993575	3453900889536868	false	2	2012-06-17T14:29:06+08:00	1017500
727	3457914746119441	3457914590993575	false	3	2012-06-17T14:29:41+08:00	1017535
728	3457914822011699	3457914590993575	false	3	2012-06-17T14:30:00+08:00	1017554
729	3457914822304205	3457914590993575	false	3	2012-06-17T14:30:02+08:00	1017556
730	3457915225043280	3457914590993575	false	3	2012-06-17T14:31:37+08:00	1017651
731	3457915316638074	3457914590993575	false	3	2012-06-17T14:31:59+08:00	1017673
732	3457915581326589	3453900889536868	false	2	2012-06-17T14:33:02+08:00	1017736
733	3457915681486838	3457914590993575	false	3	2012-06-17T14:33:24+08:00	1017758
734	3457915686203686	3457914590993575	false	3	2012-06-17T14:33:25+08:00	1017759
735	3457915731820342	3457914590993575	false	3	2012-06-17T14:33:37+08:00	1017771
736	3457915749175414	3457915581326589	false	3	2012-06-17T14:33:40+08:00	1017774
737	3457915774346306	3453646882841201	false	1	2012-06-17T14:33:48+08:00	1017782
738	3457915966781998	3457914590993575	false	3	2012-06-17T14:34:33+08:00	1017827
739	3457916017044114	3457914590993575	false	3	2012-06-17T14:34:46+08:00	1017840
740	3457916058988833	3457916017044114	false	4	2012-06-17T14:34:56+08:00	1017850
741	3457916084155746	3457914590993575	false	3	2012-06-17T14:35:01+08:00	1017855
742	3457916255866787	3453646882841201	false	1	2012-06-17T14:35:43+08:00	1017897
743	3457916360728597	3457914590993575	false	3	2012-06-17T14:36:08+08:00	1017922
744	3457916479132458	3457915581326589	false	3	2012-06-17T14:36:37+08:00	1017951
745	3457916545619629	3457914590993575	false	3	2012-06-17T14:36:52+08:00	1017966
746	3457916567229862	3457915581326589	false	3	2012-06-17T14:36:54+08:00	1017968
747	3457916616591107	3457914590993575	false	3	2012-06-17T14:37:08+08:00	1017982
748	3457916880842534	3457914590993575	false	3	2012-06-17T14:38:12+08:00	1018046
749	3457916893425880	3453646882841201	false	1	2012-06-17T14:38:15+08:00	1018049
750	3457917321757994	3457916084155746	false	4	2012-06-17T14:39:57+08:00	1018151
751	3457917384178371	3457917321757994	false	5	2012-06-17T14:40:12+08:00	1018166
752	3457917422777245	3457914590993575	false	3	2012-06-17T14:40:19+08:00	1018173
753	3457917498290171	3457914590993575	false	3	2012-06-17T14:40:39+08:00	1018193
754	3457917602627473	3453646882841201	false	1	2012-06-17T14:41:04+08:00	1018218
755	3457917607023872	3457916880842534	false	4	2012-06-17T14:41:05+08:00	1018219
756	3457918014291737	3457914590993575	false	3	2012-06-17T14:42:42+08:00	1018316
757	3457918068215545	3457918014291737	false	4	2012-06-17T14:42:54+08:00	1018328
758	3457918105966119	3457917384178371	false	6	2012-06-17T14:43:03+08:00	1018337
759	3457918123016717	3457914590993575	false	3	2012-06-17T14:43:08+08:00	1018342
760	3457918190137282	3457916567229862	false	4	2012-06-17T14:43:23+08:00	1018357
761	3457918207005350	3457914590993575	false	3	2012-06-17T14:43:27+08:00	1018361
762	3457918328274273	3453646882841201	false	1	2012-06-17T14:43:57+08:00	1018391
763	3457918416670135	3457917607023872	false	5	2012-06-17T14:44:18+08:00	1018412
764	3457918567692859	3457915731820342	false	4	2012-06-17T14:44:54+08:00	1018448
765	3457918886620036	3457918105966119	false	7	2012-06-17T14:46:08+08:00	1018522
766	3457918903400505	3453646882841201	false	1	2012-06-17T14:46:14+08:00	1018528
767	3457918919697302	3453900889536868	false	2	2012-06-17T14:46:19+08:00	1018533
768	3457918928571750	3457914590993575	false	3	2012-06-17T14:46:19+08:00	1018533
769	3457919007914567	3457918928571750	false	4	2012-06-17T14:46:37+08:00	1018551
770	3457919179913269	3457917498290171	false	4	2012-06-17T14:47:20+08:00	1018594
771	3457919301056517	3457914590993575	false	3	2012-06-17T14:47:49+08:00	1018623
772	3457919318720668	3457916479132458	false	4	2012-06-17T14:47:53+08:00	1018627
773	3457919985486523	3457918123016717	false	4	2012-06-17T14:50:32+08:00	1018786
774	3457920006462181	3457914590993575	false	3	2012-06-17T14:50:35+08:00	1018789
775	3457920002266937	3457920006462181	false	4	2012-06-17T14:50:36+08:00	1018790
776	3457920216219881	3453646882841201	false	1	2012-06-17T14:51:27+08:00	1018841
777	3457920425976765	3457914590993575	false	3	2012-06-17T14:52:17+08:00	1018891
778	3457920848819732	3457914590993575	false	3	2012-06-17T14:53:57+08:00	1018991
779	3457920907542548	3457914590993575	false	3	2012-06-17T14:54:12+08:00	1019006
780	3457921348499370	3457914590993575	false	3	2012-06-17T14:55:55+08:00	1019109
781	3457921436046759	3453646882841201	false	1	2012-06-17T14:56:15+08:00	1019129
782	3457921729986971	3457914590993575	false	3	2012-06-17T14:57:26+08:00	1019200
783	3457922040051404	3457914590993575	false	3	2012-06-17T14:58:40+08:00	1019274
784	3457922137325432	3457918416670135	false	6	2012-06-17T14:59:05+08:00	1019299
785	3457922430138171	3453646882841201	false	1	2012-06-17T15:00:15+08:00	1019369
786	3457922564099787	3453646882841201	false	1	2012-06-17T15:00:47+08:00	1019401
787	3457922707436796	3457918886620036	false	8	2012-06-17T15:01:20+08:00	1019434
788	3457923293937353	3457914590993575	false	3	2012-06-17T15:03:41+08:00	1019575
789	3457923365799211	3453646882841201	false	1	2012-06-17T15:03:56+08:00	1019590
790	3457923818247146	3457922707436796	false	9	2012-06-17T15:05:47+08:00	1019701
791	3457923999442267	3457914590993575	false	3	2012-06-17T15:06:28+08:00	1019742
792	3457925118882455	3457923818247146	false	10	2012-06-17T15:10:54+08:00	1020008
793	3457925303439378	3457914590993575	false	3	2012-06-17T15:11:41+08:00	1020055
794	3457925634802296	3457914590993575	false	3	2012-06-17T15:12:59+08:00	1020133
795	3457925895376483	3453646882841201	false	1	2012-06-17T15:14:02+08:00	1020196
796	3457926071085438	3457914590993575	false	3	2012-06-17T15:14:43+08:00	1020237
797	3457926264057792	3457926071085438	false	4	2012-06-17T15:15:29+08:00	1020283
798	3457927102607467	3457918190137282	false	5	2012-06-17T15:18:49+08:00	1020483
799	3457927366859476	3457925118882455	false	11	2012-06-17T15:19:52+08:00	1020546
800	3457927790501694	3453646882841201	false	1	2012-06-17T15:21:31+08:00	1020645
801	3457927886974138	3457914590993575	false	3	2012-06-17T15:21:57+08:00	1020671
802	3457928134356884	3453646882841201	false	1	2012-06-17T15:22:55+08:00	1020729
803	3457928667551996	3457914590993575	false	3	2012-06-17T15:25:02+08:00	1020856
804	3457928809756146	3453646882841201	false	1	2012-06-17T15:25:36+08:00	1020890
805	3457928906137743	3457928667551996	false	4	2012-06-17T15:25:59+08:00	1020913
806	3457929216265526	3453646882841201	false	1	2012-06-17T15:27:14+08:00	1020988
807	3457929217117199	3453900889536868	false	2	2012-06-17T15:27:16+08:00	1020990
808	3457930944383285	3457914590993575	false	3	2012-06-17T15:34:05+08:00	1021399
809	3457930982689148	3453646882841201	false	1	2012-06-17T15:34:14+08:00	1021408
810	3457931569994892	3457929217117199	false	3	2012-06-17T15:36:34+08:00	1021548
811	3457931632632852	3457914590993575	false	3	2012-06-17T15:36:47+08:00	1021561
812	3457931813306458	3457930944383285	false	4	2012-06-17T15:37:32+08:00	1021606
813	3457933347812229	3453646882841201	false	1	2012-06-17T15:43:37+08:00	1021971
814	3457933696353520	3457914590993575	false	3	2012-06-17T15:44:59+08:00	1022053
815	3457933758870678	3453646882841201	false	1	2012-06-17T15:45:16+08:00	1022070
816	3457934271073347	3453646882841201	false	1	2012-06-17T15:47:18+08:00	1022192
817	3457934992356380	3453646882841201	false	1	2012-06-17T15:50:09+08:00	1022363
818	3457935575074671	3453646882841201	false	1	2012-06-17T15:52:29+08:00	1022503
819	3457935919459372	3457920216219881	false	2	2012-06-17T15:53:51+08:00	1022585
820	3457935973548004	3457934992356380	false	2	2012-06-17T15:54:03+08:00	1022597
821	3457936833149953	3453646882841201	false	1	2012-06-17T15:57:29+08:00	1022803
822	3457937664336191	3457933696353520	false	4	2012-06-17T16:00:43+08:00	1022997
823	3457937982433537	3453646882841201	false	1	2012-06-17T16:02:03+08:00	1023077
824	3457938112944055	3453646882841201	false	1	2012-06-17T16:02:33+08:00	1023107
825	3457938230273072	3453646882841201	false	1	2012-06-17T16:03:02+08:00	1023136
826	3457938578046923	3453646882841201	false	1	2012-06-17T16:04:25+08:00	1023219
827	3457938717202366	3453646882841201	false	1	2012-06-17T16:04:56+08:00	1023250
828	3457939346471420	3453980107577593	false	3	2012-06-17T16:07:28+08:00	1023402
829	3457940042600695	3457929217117199	false	3	2012-06-17T16:10:14+08:00	1023568
830	3457940738784869	3453646882841201	false	1	2012-06-17T16:12:57+08:00	1023731
831	3457941002556399	3453646882841201	false	1	2012-06-17T16:14:01+08:00	1023795
832	3457941136671213	3457938112944055	false	2	2012-06-17T16:14:35+08:00	1023829
833	3457941699414699	3457935919459372	false	3	2012-06-17T16:16:49+08:00	1023963
834	3457942361565771	3453646882841201	false	1	2012-06-17T16:19:25+08:00	1024119
835	3457942915236978	3453646882841201	false	1	2012-06-17T16:21:39+08:00	1024253
836	3457943028761564	3457927886974138	false	4	2012-06-17T16:22:06+08:00	1024280
837	3457943200460855	3457927366859476	false	12	2012-06-17T16:22:47+08:00	1024321
838	3457943310081118	3457939346471420	false	4	2012-06-17T16:23:13+08:00	1024347
839	3457943909722120	3453646882841201	false	1	2012-06-17T16:25:36+08:00	1024490
840	3457944106893801	3453873140118566	false	3	2012-06-17T16:26:23+08:00	1024537
841	3457944395886023	3453646882841201	false	1	2012-06-17T16:27:32+08:00	1024606
842	3457945150892484	3453646882841201	false	1	2012-06-17T16:30:30+08:00	1024784
843	3457945142828693	3453646882841201	false	1	2012-06-17T16:30:31+08:00	1024785
844	3457945323219257	3453646882841201	false	1	2012-06-17T16:31:13+08:00	1024827
845	3457945490736599	3453646882841201	false	1	2012-06-17T16:31:53+08:00	1024867
846	3457945633257167	3453646882841201	false	1	2012-06-17T16:32:28+08:00	1024902
847	3457946098465539	3453646882841201	false	1	2012-06-17T16:34:18+08:00	1025012
848	3457946232688887	3453646882841201	false	1	2012-06-17T16:34:50+08:00	1025044
849	3457946664720314	3453646882841201	false	1	2012-06-17T16:36:33+08:00	1025147
850	3457946803137939	3457945142828693	false	2	2012-06-17T16:37:06+08:00	1025180
851	3457946907999868	3453646882841201	false	1	2012-06-17T16:37:28+08:00	1025202
852	3457948162150724	3453646882841201	false	1	2012-06-17T16:42:31+08:00	1025505
853	3457949684864711	3453646882841201	false	1	2012-06-17T16:48:33+08:00	1025867
854	3457950465423208	3457914590993575	false	3	2012-06-17T16:51:39+08:00	1026053
855	3457951014128155	3457930944383285	false	4	2012-06-17T16:53:51+08:00	1026185
856	3457951237331382	3457951014128155	false	5	2012-06-17T16:54:43+08:00	1026237
857	3457951253722343	3457950465423208	false	4	2012-06-17T16:54:44+08:00	1026238
858	3457951279282315	3457937982433537	false	2	2012-06-17T16:54:51+08:00	1026245
859	3457951572942998	3457914590993575	false	3	2012-06-17T16:56:04+08:00	1026318
860	3457952507361683	3457951572942998	false	4	2012-06-17T16:59:46+08:00	1026540
861	3457952617275709	3453646882841201	false	1	2012-06-17T17:00:12+08:00	1026566
862	3457953447654715	3457950465423208	false	4	2012-06-17T17:03:28+08:00	1026762
863	3457953938052910	3453646882841201	false	1	2012-06-17T17:05:25+08:00	1026879
864	3457954030345015	3457951253722343	false	5	2012-06-17T17:05:49+08:00	1026903
865	3457955691335696	3453646882841201	false	1	2012-06-17T17:12:25+08:00	1027299
866	3457956106350394	3457914590993575	false	3	2012-06-17T17:14:03+08:00	1027397
867	3457956396323521	3457927886974138	false	4	2012-06-17T17:15:12+08:00	1027466
868	3457957415484088	3457951253722343	false	5	2012-06-17T17:19:16+08:00	1027710
869	3457957687275824	3453646882841201	false	1	2012-06-17T17:20:21+08:00	1027775
870	3457959340036107	3457957415484088	false	6	2012-06-17T17:26:55+08:00	1028169
871	3457960564829127	3453646882841201	false	1	2012-06-17T17:31:48+08:00	1028462
872	3457961374228190	3453646882841201	false	1	2012-06-17T17:35:00+08:00	1028654
873	3457961437283352	3457918928571750	false	4	2012-06-17T17:35:14+08:00	1028668
874	3457961961454161	3453646882841201	false	1	2012-06-17T17:37:21+08:00	1028795
875	3457962297269061	3453646882841201	false	1	2012-06-17T17:38:40+08:00	1028874
876	3457962448608437	3457943310081118	false	5	2012-06-17T17:39:15+08:00	1028909
877	3457963748503312	3457962297269061	false	2	2012-06-17T17:44:25+08:00	1029219
878	3457964352042518	3453646882841201	false	1	2012-06-17T17:46:50+08:00	1029364
879	3457965367541922	3457963748503312	false	3	2012-06-17T17:50:51+08:00	1029605
880	3457965577666175	3457962448608437	false	6	2012-06-17T17:51:42+08:00	1029656
881	3457966159862747	3453646882841201	false	1	2012-06-17T17:54:02+08:00	1029796
882	3457966172997874	3457920216219881	false	2	2012-06-17T17:54:02+08:00	1029796
883	3457966755624667	3453646882841201	false	1	2012-06-17T17:56:22+08:00	1029936
884	3457967149905533	3453646882841201	false	1	2012-06-17T17:57:55+08:00	1030029
885	3457967657935016	3457954030345015	false	6	2012-06-17T17:59:58+08:00	1030152
886	3457968283014484	3453646882841201	false	1	2012-06-17T18:02:25+08:00	1030299
887	3457969432223423	3457953938052910	false	2	2012-06-17T18:07:00+08:00	1030574
888	3457972258531921	3453646882841201	false	1	2012-06-17T18:18:15+08:00	1031249
889	3457972523264604	3453646882841201	false	1	2012-06-17T18:19:18+08:00	1031312
890	3457974729399913	3457914590993575	false	3	2012-06-17T18:28:03+08:00	1031837
891	3457974943088728	3457914590993575	false	3	2012-06-17T18:28:55+08:00	1031889
892	3457978101199426	3457914590993575	false	3	2012-06-17T18:41:28+08:00	1032642
893	3457978101478949	3453646882841201	false	1	2012-06-17T18:41:28+08:00	1032642
894	3457981477767351	3457974729399913	false	4	2012-06-17T18:54:53+08:00	1033447
895	3457981511570425	3453646882841201	false	1	2012-06-17T18:55:01+08:00	1033455
896	3457985030667329	3457914590993575	false	3	2012-06-17T19:08:59+08:00	1034293
897	3457985106180993	3457981477767351	false	5	2012-06-17T19:09:14+08:00	1034308
898	3457985781422583	3457965577666175	false	7	2012-06-17T19:11:58+08:00	1034472
899	3457987630408249	3457985106180993	false	6	2012-06-17T19:19:18+08:00	1034912
900	3457988533145661	3457969432223423	false	3	2012-06-17T19:22:53+08:00	1035127
901	3457990910687055	3457988533145661	false	4	2012-06-17T19:32:22+08:00	1035696
902	3457992915797907	3457985781422583	false	8	2012-06-17T19:40:20+08:00	1036174
903	3457993155245173	3457940042600695	false	4	2012-06-17T19:41:13+08:00	1036227
904	3457993359833008	3457992915797907	false	9	2012-06-17T19:42:04+08:00	1036278
905	3457993507383325	3457946803137939	false	3	2012-06-17T19:42:41+08:00	1036315
906	3457993544576727	3453646882841201	false	1	2012-06-17T19:42:51+08:00	1036325
907	3457993896728020	3453646882841201	false	1	2012-06-17T19:44:15+08:00	1036409
908	3457994173564964	3453646882841201	false	1	2012-06-17T19:45:19+08:00	1036473
909	3457994279309549	3457993155245173	false	5	2012-06-17T19:45:46+08:00	1036500
910	3457994442200302	3453646882841201	false	1	2012-06-17T19:46:21+08:00	1036535
911	3457994748212565	3453646882841201	false	1	2012-06-17T19:47:37+08:00	1036611
912	3457995054599430	3453646882841201	false	1	2012-06-17T19:48:51+08:00	1036685
913	3457995411764480	3457987630408249	false	7	2012-06-17T19:50:15+08:00	1036769
914	3457995554403620	3457993359833008	false	10	2012-06-17T19:50:49+08:00	1036803
915	3457996099406196	3457995411764480	false	8	2012-06-17T19:52:57+08:00	1036931
916	3457997500485612	3457996099406196	false	9	2012-06-17T19:58:30+08:00	1037264
917	3457997658931296	3453646882841201	false	1	2012-06-17T19:59:12+08:00	1037306
918	3457998205034642	3457996099406196	false	9	2012-06-17T20:01:20+08:00	1037434
919	3457998657691573	3457998205034642	false	10	2012-06-17T20:03:09+08:00	1037543
920	3458000574834776	3457998657691573	false	11	2012-06-17T20:10:45+08:00	1037999
921	3458001015343169	3457997500485612	false	10	2012-06-17T20:12:29+08:00	1038103
922	3458001673091131	3458000574834776	false	12	2012-06-17T20:15:08+08:00	1038262
923	3458002080443369	3458000574834776	false	12	2012-06-17T20:16:45+08:00	1038359
924	3458002616594039	3453646882841201	false	1	2012-06-17T20:18:53+08:00	1038487
925	3458002805958085	3453646882841201	false	1	2012-06-17T20:19:36+08:00	1038530
926	3458003753819044	3458002080443369	false	13	2012-06-17T20:23:23+08:00	1038757
927	3458004412772167	3458002805958085	false	2	2012-06-17T20:26:00+08:00	1038914
928	3458005334844710	3457993359833008	false	10	2012-06-17T20:29:41+08:00	1039135
929	3458005918050557	3457922137325432	false	7	2012-06-17T20:31:57+08:00	1039271
930	3458007193150667	3458005334844710	false	11	2012-06-17T20:37:04+08:00	1039578
931	3458007923248620	3457974729399913	false	4	2012-06-17T20:39:57+08:00	1039751
932	3458008124242609	3458005334844710	false	11	2012-06-17T20:40:46+08:00	1039800
933	3458009575971199	3457943200460855	false	13	2012-06-17T20:46:32+08:00	1040146
934	3458010167259250	3457974729399913	false	4	2012-06-17T20:48:54+08:00	1040288
935	3458010527619329	3458002080443369	false	13	2012-06-17T20:50:18+08:00	1040372
936	3458010544400675	3453646882841201	false	1	2012-06-17T20:50:23+08:00	1040377
937	3458012494693341	3457914590993575	false	3	2012-06-17T20:58:07+08:00	1040841
938	3458015291959415	3457969432223423	false	3	2012-06-17T21:09:13+08:00	1041507
939	3458015350682951	3457914590993575	false	3	2012-06-17T21:09:25+08:00	1041519
940	3458015485746154	3453646882841201	false	1	2012-06-17T21:10:01+08:00	1041555
941	3458019482700364	3458015485746154	false	2	2012-06-17T21:25:51+08:00	1042505
942	3458019817621730	3457920216219881	false	2	2012-06-17T21:27:14+08:00	1042588
943	3458021553907836	3458001673091131	false	13	2012-06-17T21:34:09+08:00	1043003
944	3458021869408938	3457914590993575	false	3	2012-06-17T21:35:22+08:00	1043076
945	3458022079185557	3458019817621730	false	3	2012-06-17T21:36:10+08:00	1043124
946	3458024503412937	3457995411764480	false	8	2012-06-17T21:45:51+08:00	1043705
947	3458028466294540	3458024503412937	false	9	2012-06-17T22:01:36+08:00	1044650
948	3458029670813939	3458022079185557	false	4	2012-06-17T22:06:23+08:00	1044937
949	3458032128668681	3457914590993575	false	3	2012-06-17T22:16:06+08:00	1045520
950	3458032853960105	3458028466294540	false	10	2012-06-17T22:19:02+08:00	1045696
951	3458041322542807	3457918207005350	false	4	2012-06-17T22:52:38+08:00	1047712
952	3458046863031289	3453646882841201	false	1	2012-06-17T23:14:41+08:00	1049035
953	3458051824304734	3457981477767351	false	5	2012-06-17T23:34:25+08:00	1050219
954	3458055264059091	3453646882841201	false	1	2012-06-17T23:48:05+08:00	1051039
955	3458055582653385	3457914590993575	false	3	2012-06-17T23:49:22+08:00	1051116
956	3458062025643017	3453646882841201	false	1	2012-06-18T00:14:57+08:00	1052651
957	3458073827536909	3453646882841201	false	1	2012-06-18T01:01:51+08:00	1055465
958	3458191478277361	3453646882841201	false	1	2012-06-18T08:49:20+08:00	1083514
959	3458193227275521	3453646882841201	false	1	2012-06-18T08:56:18+08:00	1083932
960	3458263108589671	3453646882841201	false	1	2012-06-18T13:33:59+08:00	1100593
961	3458271404803193	3453646882841201	false	1	2012-06-18T14:06:56+08:00	1102570
962	3458280623511477	3458073827536909	false	2	2012-06-18T14:43:34+08:00	1104768
963	3458300072996078	3453856707214105	false	2	2012-06-18T16:00:52+08:00	1109406
964	3458301566203078	3457914590993575	false	3	2012-06-18T16:06:49+08:00	1109763
965	3458328002679738	3458051824304734	false	6	2012-06-18T17:51:51+08:00	1116065
966	3458383833385345	3453646882841201	false	1	2012-06-18T21:33:41+08:00	1129375
967	3458392019974036	3458005918050557	false	8	2012-06-18T22:06:13+08:00	1131327
968	3458543707745659	3458015291959415	false	4	2012-06-19T08:08:59+08:00	1167493
969	3458544861271319	3457990910687055	false	5	2012-06-19T08:13:33+08:00	1167767
970	3458545447626726	3458543707745659	false	5	2012-06-19T08:15:54+08:00	1167908
971	3458545808346764	3458544861271319	false	6	2012-06-19T08:17:21+08:00	1167995
972	3458547457044997	3458544861271319	false	6	2012-06-19T08:23:52+08:00	1168386
973	3458601987362306	3458041322542807	false	5	2012-06-19T12:00:33+08:00	1181387
974	3458616956314392	3453646882841201	false	1	2012-06-19T13:00:04+08:00	1184958
975	3458652683695566	3453646882841201	false	1	2012-06-19T15:21:59+08:00	1193473
976	3458661483267382	3453646882841201	false	1	2012-06-19T15:56:57+08:00	1195571
977	3458759764865785	3457914590993575	false	3	2012-06-19T22:27:28+08:00	1219002
978	3458883391411693	3458545447626726	false	6	2012-06-20T06:38:45+08:00	1248479
979	3458954707746119	3458055582653385	false	4	2012-06-20T11:22:08+08:00	1265482
980	3459002933811804	3453646882841201	false	1	2012-06-20T14:33:46+08:00	1276980
981	3459243128401846	3453646882841201	false	1	2012-06-21T06:28:14+08:00	1334248
982	3459834760151804	3457914590993575	false	3	2012-06-22T21:39:10+08:00	1475304
983	3460449674752933	3458616956314392	false	2	2012-06-24T14:22:36+08:00	1621910
984	3460470135048611	3453646882841201	false	1	2012-06-24T15:43:54+08:00	1626788
985	3461144255642326	3457914590993575	false	3	2012-06-26T12:22:38+08:00	1787512
986	3461321012074514	3453868829019754	false	2	2012-06-27T00:04:57+08:00	1829651
987	3461326557137759	3461321012074514	false	3	2012-06-27T00:26:59+08:00	1830973
988	3465687122989153	3458055264059091	false	2	2012-07-09T01:14:22+08:00	2870616
989	3467582667406660	3454930716738975	false	2	2012-07-14T06:46:34+08:00	3322548
990	3467904227905610	3458616956314392	false	2	2012-07-15T04:04:20+08:00	3399214
991	3467904249085036	3458616956314392	false	2	2012-07-15T04:04:25+08:00	3399219
992	3468998819509064	3453646882841201	false	1	2012-07-18T04:33:52+08:00	3660186
993	3469041031317143	3453646882841201	false	1	2012-07-18T07:21:36+08:00	3670250
994	3478610402427502	3455086271863673	false	2	2012-08-13T17:06:52+08:00	5951766
995	3542743714000954	3454301240487968	false	2	2013-02-06T16:29:45+08:00	21242339
996	3559592451261060	3542743714000954	false	3	2013-03-25T04:20:36+08:00	25259390
997	3562663949275915	3453646882841201	false	1	2013-04-02T15:45:38+08:00	25991692
998	3620559097592361	3453646882841201	false	1	2013-09-09T10:00:18+08:00	39794972
999	3626130374519296	3453646882841201	false	1	2013-09-24T18:58:34+08:00	41123268
