parent_id	child_id	parent_index	child_index	relative_root_seconds	parent_lag_seconds	edge_weight
3453646882841201	3453853405793080	0	1	49238	49238	49238
3453646882841201	3453853498462028	0	2	49260	49260	49260
3453646882841201	3453853632706138	0	3	49292	49292	49292
3453646882841201	3453853662221514	0	4	49298	49298	49298
3453646882841201	3453853708368160	0	5	49310	49310	49310
3453646882841201	3453853821638122	0	6	49337	49337	49337
3453646882841201	3453853842614109	0	7	49342	49342	49342
3453646882841201	3453853921860310	0	8	49362	49362	49362
3453853821638122	3453853947340401	6	9	49367	30	49367
3453646882841201	3453853985096615	0	10	49376	49376	49376
3453853947340401	3453854148363833	9	11	49415	48	49415
3453854148363833	3453854190658029	11	12	49425	10	49425
3453646882841201	3453854203242902	0	13	49428	49428	49428
3453854190658029	3453854248627976	12	14	49438	13	49438
3453646882841201	3453854336712692	0	15	49460	49460	49460
3453646882841201	3453854446717758	0	16	49485	49485	49485
3453854248627976	3453854454563312	14	17	49487	49	49487
3453646882841201	3453854513839952	0	18	49502	49502	49502
3453854454563312	3453854576346980	17	19	49516	29	49516
3453854576346980	3453854585158157	19	20	49519	3	49519
3453854446717758	3453854706395764	16	21	49548	63	49548
3453854585158157	3453854752542187	20	22	49559	40	49559
3453646882841201	3453854831664971	0	23	49578	49578	49578
3453854454563312	3453854836444680	17	24	49578	91	49578
3453854836444680	3453854882752483	24	25	49590	12	49590
3453646882841201	3453855008444337	0	26	49620	49620	49620
3453646882841201	3453855100900886	0	27	49642	49642	49642
3453646882841201	3453855142688641	0	28	49651	49651	49651
3453853662221514	3453855209974622	4	29	49667	369	49667
3453646882841201	3453855243536046	0	30	49676	49676	49676
3453646882841201	3453855323079481	0	31	49695	49695	49695
3453646882841201	3453855339200976	0	32	49700	49700	49700
3453646882841201	3453855402953073	0	33	49715	49715	49715
3453646882841201	3453855507832193	0	34	49737	49737	49737
3453646882841201	3453855603891691	0	35	49762	49762	49762
3453854576346980	3453855708723823	19	36	49787	271	49787
3453855708723823	3453855742762798	36	37	49793	6	49793
3453854513839952	3453855759111827	18	38	49799	297	49799
3453855742762798	3453855834559373	37	39	49817	24	49817
3453855834559373	3453855877008604	39	40	49827	10	49827
3453646882841201	3453855914255131	0	41	49836	49836	49836
3453855877008604	3453855918960830	40	42	49837	10	49837
3453646882841201	3453856040187083	0	43	49866	49866	49866
3453646882841201	3453856199077062	0	44	49904	49904	49904
3453646882841201	3453856212187651	0	45	49906	49906	49906
3453646882841201	3453856266332504	0	46	49920	49920	49920
3453855918960830	3453856341690496	42	47	49938	101	49938
3453856212187651	3453856468267651	45	48	49968	62	49968
3453646882841201	3453856485048193	0	49	49970	49970	49970
3453646882841201	3453856488498592	0	50	49973	49973	49973
3453856040187083	3453856518609246	43	51	49979	113	49979
3453856341690496	3453856556366507	47	52	49989	51	49989
3453646882841201	3453856665262937	0	53	50014	50014	50014
3453646882841201	3453856707214105	0	54	50025	50025	50025
3453853405793080	3453856715002377	1	55	50027	789	50027
3453646882841201	3453856840837819	0	56	50057	50057	50057
3453646882841201	3453857088709716	0	57	50115	50115	50115
3453856556366507	3453857139496670	52	58	50127	138	50127
3453646882841201	3453857143246836	0	59	50129	50129	50129
3453646882841201	3453857235986143	0	60	50150	50150	50150
3453646882841201	3453857244376210	0	61	50152	50152	50152
3453857139496670	3453857386750125	58	62	50187	60	50187
3453857386750125	3453857399336222	62	63	50191	4	50191
3453857399336222	3453857621680797	63	64	50242	51	50242
3453857621680797	3453857646851449	64	65	50248	6	50248
3453854576346980	3453857696663326	19	66	50261	745	50261
3453855142688641	3453857705584308	28	67	50263	612	50263
3453857386750125	3453857809915399	62	68	50288	101	50288
3453646882841201	3453857927738998	0	69	50316	50316	50316
3453854248627976	3453857982276095	14	70	50329	891	50329
3453646882841201	3453858053786027	0	71	50346	50346	50346
3453646882841201	3453858061984019	0	72	50348	50348	50348
3453646882841201	3453858103531808	0	73	50357	50357	50357
3453857982276095	3453858132893571	70	74	50365	36	50365
3453858132893571	3453858242114234	74	75	50390	25	50390
3453858242114234	3453858552200846	75	76	50465	75	50465
3453646882841201	3453858565339967	0	77	50469	50469	50469
3453646882841201	3453858653439071	0	78	50487	50487	50487
3453646882841201	3453858703781773	0	79	50500	50500	50500
3453858552200846	3453858783490238	76	80	50520	55	50520
3453853405793080	3453858787685872	1	81	50520	1282	50520
3453858783490238	3453858817051730	80	82	50527	7	50527
3453646882841201	3453858888169635	0	83	50545	50545	50545
3453646882841201	3453858913541687	0	84	50551	50551	50551
3453646882841201	3453859173645059	0	85	50613	50613	50613
3453646882841201	3453859202089082	0	86	50620	50620	50620
3453646882841201	3453859274124684	0	87	50638	50638	50638
3453646882841201	3453859299500404	0	88	50643	50643	50643
3453646882841201	3453859306952083	0	89	50645	50645	50645
3453646882841201	3453859353832291	0	90	50656	50656	50656
3453646882841201	3453859521377326	0	91	50696	50696	50696
3453856341690496	3453859525066798	47	92	50698	760	50698
3453859525066798	3453859677069686	92	93	50733	35	50733
3453853821638122	3453859936129701	6	94	50795	1458	50795
3453646882841201	3453859995431337	0	95	50807	50807	50807
3453853921860310	3453860012424650	8	96	50811	1449	50811
3453859936129701	3453860066749791	94	97	50826	31	50826
3453646882841201	3453860108104884	0	98	50836	50836	50836
3453854248627976	3453860180234023	14	99	50853	1415	50853
3453646882841201	3453860272313142	0	100	50873	50873	50873
3453858242114234	3453860314481099	75	101	50885	495	50885
3453856840837819	3453860733522057	56	102	50985	928	50985
3453646882841201	3453860734005031	0	103	50985	50985	50985
3453860272313142	3453860859862918	100	104	51015	142	51015
3453860108104884	3453860926725834	98	105	51031	195	51031
3453857646851449	3453860951673252	65	106	51037	789	51037
3453646882841201	3453860976371194	0	107	51043	51043	51043
3453860951673252	3453861136487828	106	108	51081	44	51081
3453646882841201	3453861341294844	0	109	51130	51130	51130
3453855339200976	3453861522220907	32	110	51173	1473	51173
3453861136487828	3453861870422818	108	111	51256	175	51256
3453855603891691	3453861945306596	35	112	51272	1510	51272
3453646882841201	3453861954064950	0	113	51274	51274	51274
3453646882841201	3453862243118155	0	114	51345	51345	51345
3453646882841201	3453862273138467	0	115	51352	51352	51352
3453861870422818	3453862364905929	111	116	51374	118	51374
3453859936129701	3453862415777484	94	117	51386	591	51386
3453853498462028	3453862638125245	2	118	51439	2179	51439
3453646882841201	3453862666911935	0	119	51447	51447	51447
3453858242114234	3453862688468761	75	120	51451	1061	51451
3453646882841201	3453862788910289	0	121	51476	51476	51476
3453646882841201	3453862801495228	0	122	51478	51478	51478
3453861136487828	3453862923156092	108	123	51505	424	51505
3453646882841201	3453863485303666	0	124	51640	51640	51640
3453858242114234	3453863632136743	75	125	51675	1285	51675
3453860926725834	3453863640273436	105	126	51678	647	51678
3453646882841201	3453864081027529	0	127	51783	51783	51783
3453646882841201	3453864168141523	0	128	51804	51804	51804
3453646882841201	3453864277941909	0	129	51829	51829	51829
3453860976371194	3453864336674492	107	130	51844	801	51844
3453646882841201	3453864546437885	0	131	51893	51893	51893
3453646882841201	3453864621952159	0	132	51912	51912	51912
3453863632136743	3453864638466738	125	133	51916	241	51916
3453646882841201	3453864717623975	0	134	51936	51936	51936
3453864638466738	3453864890179327	133	135	51976	60	51976
3453646882841201	3453864903034390	0	136	51978	51978	51978
3453646882841201	3453864982474523	0	137	51997	51997	51997
3453646882841201	3453865020501645	0	138	52006	52006	52006
3453646882841201	3453865229766222	0	139	52057	52057	52057
3453860926725834	3453865317851312	105	140	52078	1047	52078
3453646882841201	3453865372380112	0	141	52091	52091	52091
3453865498762898	3453865498215917	143	142	52121	0	52121
3453858653439071	3453865498762898	78	143	52121	1634	52121
3453646882841201	3453865553023910	0	144	52133	52133	52133
3453646882841201	3453865565609690	0	145	52137	52137	52137
3453858242114234	3453865645056463	75	146	52156	1766	52156
3453857088709716	3453865661802529	57	147	52159	2044	52159
3453865317851312	3453865762522275	140	148	52183	105	52183
3453861136487828	3453865804416212	108	149	52194	1113	52194
3453865804416212	3453865930251665	149	150	52224	30	52224
3453646882841201	3453866010039013	0	151	52243	52243	52243
3453646882841201	3453866123594154	0	152	52269	52269	52269
3453864890179327	3453866295312533	135	153	52311	335	52311
3453866295312533	3453866374608519	153	154	52330	19	52330
3453646882841201	3453866517658166	0	155	52364	52364	52364
3453646882841201	3453866639318511	0	156	52392	52392	52392
3453865930251665	3453866643804714	150	157	52394	170	52394
3453866643804714	3453866781986616	157	158	52426	32	52426
3453646882841201	3453866937210618	0	159	52464	52464	52464
3453646882841201	3453866974672809	0	160	52473	52473	52473
3453865229766222	3453866995648987	139	161	52479	422	52479
3453646882841201	3453867142479687	0	162	52512	52512	52512
3453646882841201	3453867326765089	0	163	52557	52557	52557
3453646882841201	3453867377099383	0	164	52568	52568	52568
3453864717623975	3453867452451314	134	165	52587	651	52587
3453646882841201	3453867633623197	0	166	52630	52630	52630
3453863640273436	3453867658794959	126	167	52636	958	52636
3453866781986616	3453867817374741	158	168	52673	247	52673
3453646882841201	3453867889228856	0	169	52691	52691	52691
3453867658794959	3453867897619585	167	170	52693	57	52693
3453646882841201	3453867918640930	0	171	52697	52697	52697
3453646882841201	3453868195530278	0	172	52764	52764	52764
3453646882841201	3453868266339010	0	173	52781	52781	52781
3453861136487828	3453868274929738	108	174	52783	1702	52783
3453868274929738	3453868329106986	174	175	52796	13	52796
3453868329106986	3453868337859133	175	176	52798	2	52798
3453646882841201	3453868379441147	0	177	52808	52808	52808
3453646882841201	3453868451444143	0	178	52823	52823	52823
3453646882841201	3453868829019754	0	179	52915	52915	52915
3453646882841201	3453868849995359	0	180	52919	52919	52919
3453646882841201	3453869050715614	0	181	52968	52968	52968
3453868337859133	3453869118171763	176	182	52985	187	52985
3453868195530278	3453869151733526	172	183	52992	228	52992
3453646882841201	3453869319604902	0	184	53030	53030	53030
3453646882841201	3453869335530749	0	185	53036	53036	53036
3453869118171763	3453869487417794	182	186	53071	86	53071
3453646882841201	3453869604558072	0	187	53099	53099	53099
3453862638125245	3453869982464982	118	188	53190	1751	53190
3453646882841201	3453870087012689	0	189	53215	53215	53215
3453864982474523	3453870720233052	137	190	53365	1368	53365
3453864890179327	3453871009560839	135	191	53435	1459	53435
3453646882841201	3453871123323706	0	192	53461	53461	53461
3453646882841201	3453871169122986	0	193	53473	53473	53473
3453646882841201	3453871206967709	0	194	53481	53481	53481
3453646882841201	3453871391000753	0	195	53526	53526	53526
3453646882841201	3453871416016132	0	196	53533	53533	53533
3453646882841201	3453871504742819	0	197	53552	53552	53552
3453864890179327	3453871538396758	135	198	53560	1584	53560
3453869487417794	3453871748161797	186	199	53611	540	53611
3453868274929738	3453871780939654	174	200	53619	836	53619
3453861945306596	3453872091486758	112	201	53693	2421	53693
3453871206967709	3453872134131343	194	202	53702	221	53702
3453865553023910	3453872226064104	144	203	53723	1590	53723
3453866974672809	3453872255533225	160	204	53732	1259	53732
3453646882841201	3453872477885816	0	205	53785	53785	53785
3453871206967709	3453873010687634	194	206	53910	429	53910
3453857143246836	3453873140118566	59	207	53943	3814	53943
3453864890179327	3453873278385311	135	208	53976	2000	53976
3453871780939654	3453873425346491	200	209	54011	392	54011
3453646882841201	3453873429955874	0	210	54012	54012	54012
3453870720233052	3453874163741208	190	211	54185	820	54185
3453858061984019	3453874159546321	72	212	54186	3838	54186
3453646882841201	3453874189304606	0	213	54192	54192	54192
3453873425346491	3453874537253117	209	214	54275	264	54275
3453873140118566	3453874746882640	207	215	54326	383	54326
3453874537253117	3453874839316476	214	216	54348	73	54348
3453862688468761	3453875015520502	120	217	54390	2939	54390
3453646882841201	3453875040692570	0	218	54396	54396	54396
3453874537253117	3453875162356897	214	219	54424	149	54424
3453874189304606	3453875174942372	213	220	54428	236	54428
3453874746882640	3453875383774452	215	221	54478	152	54478
3453864890179327	3453875769670529	135	222	54570	2594	54570
3453646882841201	3453876378316018	0	223	54715	54715	54715
3453858913541687	3453876617446339	84	224	54772	4221	54772
3453646882841201	3453876818985691	0	225	54821	54821	54821
3453853985096615	3453877384916399	10	226	54955	5579	54955
3453646882841201	3453877582092214	0	227	55002	55002	55002
3453875162356897	3453877607263699	219	228	55008	584	55008
3453877607263699	3453877615654287	228	229	55009	1	55009
3453646882841201	3453877762069120	0	230	55046	55046	55046
3453646882841201	3453877804440051	0	231	55054	55054	55054
3453860951673252	3453878085520967	106	232	55119	4082	55119
3453859274124684	3453878169425789	87	233	55140	4502	55140
3453859202089082	3453878454892705	86	234	55210	4590	55210
3453865661802529	3453878597081940	147	235	55244	3085	55244
3453646882841201	3453878727590037	0	236	55275	55275	55275
3453864890179327	3453878772950491	135	237	55285	3309	55285
3453875383774452	3453879004021441	221	238	55341	863	55341
3453646882841201	3453879180421509	0	239	55383	55383	55383
3453646882841201	3453879268522914	0	240	55404	55404	55404
3453646882841201	3453879314671269	0	241	55415	55415	55415
3453646882841201	3453879331251438	0	242	55418	55418	55418
3453646882841201	3453879465701730	0	243	55449	55449	55449
3453646882841201	3453879469399047	0	244	55452	55452	55452
3453878772950491	3453879473889940	237	245	55453	168	55453
3453858703781773	3453879578975939	79	246	55478	4978	55478
3453879473889940	3453880027401681	245	247	55583	130	55583
3453646882841201	3453880073411686	0	248	55595	55595	55595
3453864890179327	3453880673690785	135	249	55737	3761	55737
3453646882841201	3453880736399864	0	250	55754	55754	55754
3453873140118566	3453880820043553	207	251	55774	1831	55774
3453875040692570	3453881067252529	218	252	55833	1437	55833
3453880073411686	3453881256348342	248	253	55878	283	55878
3453860926725834	3453881419962878	105	254	55916	4885	55916
3453862243118155	3453881591967704	114	255	55958	4613	55958
3453646882841201	3453881734606265	0	256	55990	55990	55990
3453871206967709	3453881810121436	194	257	56009	2528	56009
3453646882841201	3453881814316776	0	258	56011	56011	56011
3453880073411686	3453882116357809	248	259	56083	488	56083
3453877804440051	3453882153476998	231	260	56091	1037	56091
3453646882841201	3453882166461165	0	261	56095	56095	56095
3453646882841201	3453882582046252	0	262	56194	56194	56194
3453646882841201	3453882736518454	0	263	56231	56231	56231
3453881067252529	3453883156293672	252	264	56330	497	56330
3453878169425789	3453883181464942	233	265	56337	1197	56337
3453646882841201	3453883277957333	0	266	56360	56360	56360
3453646882841201	3453883282408862	0	267	56360	56360	56360
3453646882841201	3453883466746346	0	268	56405	56405	56405
3453646882841201	3453883580280531	0	269	56432	56432	56432
3453646882841201	3453883714531125	0	270	56464	56464	56464
3453879473889940	3453883852711870	245	271	56495	1042	56495
3453646882841201	3453883856907641	0	272	56496	56496	56496
3453883580280531	3453884078508213	269	273	56550	118	56550
3453864890179327	3453884901059469	135	274	56747	4771	56747
3453646882841201	3453885031601477	0	275	56778	56778	56778
3453646882841201	3453885048383400	0	276	56782	56782	56782
3453646882841201	3453885437999368	0	277	56875	56875	56875
3453880073411686	3453885547076109	248	278	56899	1304	56899
3453646882841201	3453885651456745	0	279	56925	56925	56925
3453646882841201	3453885928844921	0	280	56992	56992	56992
3453646882841201	3453886066876073	0	281	57025	57025	57025
3453879004021441	3453886146410899	238	282	57045	1704	57045
3453646882841201	3453886583340405	0	283	57148	57148	57148
3453879473889940	3453886742194537	245	284	57186	1733	57186
3453646882841201	3453887740491807	0	285	57424	57424	57424
3453886146410899	3453888311216354	282	286	57558	513	57558
3453646882841201	3453888416418098	0	287	57585	57585	57585
3453646882841201	3453888802060094	0	288	57677	57677	57677
3453879473889940	3453889045122017	245	289	57735	2282	57735
3453646882841201	3453889099989079	0	290	57748	57748	57748
3453888802060094	3453889187759418	288	291	57769	92	57769
3453883466746346	3453890341532696	268	292	58044	1639	58044
3453883852711870	3453890391531187	271	293	58056	1561	58056
3453646882841201	3453890684620520	0	294	58125	58125	58125
3453646882841201	3453891159350491	0	295	58239	58239	58239
3453646882841201	3453892216185648	0	296	58491	58491	58491
3453890684620520	3453892551906187	294	297	58571	446	58571
3453646882841201	3453892564124534	0	298	58574	58574	58574
3453646882841201	3453892706760674	0	299	58607	58607	58607
3453890684620520	3453892715521291	294	300	58610	485	58610
3453646882841201	3453892857788264	0	301	58644	58644	58644
3453887740491807	3453893210296083	285	302	58727	1303	58727
3453891159350491	3453893231271736	295	303	58732	493	58732
3453875040692570	3453893302477709	218	304	58750	4354	58750
3453646882841201	3453893365080041	0	305	58765	58765	58765
3453646882841201	3453893419943543	0	306	58778	58778	58778
3453646882841201	3453893600336398	0	307	58821	58821	58821
3453879268522914	3453893725930291	240	308	58851	3447	58851
3453883580280531	3453893860176796	269	309	58881	2449	58881
3453880073411686	3453894137060593	248	310	58949	3354	58949
3453646882841201	3453894455895544	0	311	59025	59025	59025
3453646882841201	3453894492976614	0	312	59032	59032	59032
3453888311216354	3453894522765782	286	313	59041	1483	59041
3453880073411686	3453894555894260	248	314	59049	3454	59049
3453646882841201	3453895051353318	0	315	59165	59165	59165
3453894522765782	3453895206471624	313	316	59204	163	59204
3453893860176796	3453895244333119	309	317	59213	332	59213
3453894522765782	3453895445559097	313	318	59261	220	59261
3453894522765782	3453895554915525	313	319	59287	246	59287
3453894522765782	3453895806287585	313	320	59347	306	59347
3453879473889940	3453895810688091	245	321	59347	3894	59347
3453879473889940	3453895814883406	245	322	59349	3896	59349
3453646882841201	3453895898788157	0	323	59367	59367	59367
3453646882841201	3453896410344425	0	324	59489	59489	59489
3453646882841201	3453896469077378	0	325	59505	59505	59505
3453646882841201	3453896602818228	0	326	59537	59537	59537
3453646882841201	3453896876015715	0	327	59600	59600	59600
3453875162356897	3453896909728901	219	328	59609	5185	59609
3453895814883406	3453897295696831	322	329	59702	353	59702
3453894522765782	3453897408166952	313	330	59727	686	59727
3453894522765782	3453897681404217	313	331	59793	752	59793
3453894522765782	3453897722924180	313	332	59805	764	59805
3453646882841201	3453897786126200	0	333	59818	59818	59818
3453646882841201	3453897907950961	0	334	59846	59846	59846
3453646882841201	3453898243412598	0	335	59928	59928	59928
3453646882841201	3453898260358688	0	336	59932	59932	59932
3453894522765782	3453898486478442	313	337	59987	946	59987
3453856518609246	3453898726043029	51	338	60043	10064	60043
3453897722924180	3453898885204274	332	339	60080	275	60080
3453893860176796	3453898889399597	309	340	60080	1199	60080
3453897722924180	3453899048396895	332	341	60119	314	60119
3453646882841201	3453899102925879	0	342	60132	60132	60132
3453897722924180	3453899149337054	332	343	60142	337	60142
3453894522765782	3453899341584357	313	344	60189	1148	60189
3453646882841201	3453899459967530	0	345	60218	60218	60218
3453894522765782	3453899689730808	313	346	60273	1232	60273
3453894522765782	3453899702744636	313	347	60276	1235	60276
3453894522765782	3453899719635725	313	348	60280	1239	60280
3453879473889940	3453899735870695	245	349	60284	4831	60284
3453897722924180	3453899962375588	332	350	60337	532	60337
3453858053786027	3453899987973211	71	351	60342	9996	60342
3453646882841201	3453900227061958	0	352	60402	60402	60402
3453855323079481	3453900276965784	31	353	60412	10717	60412
3453879004021441	3453900298590028	238	354	60417	5076	60417
3453897722924180	3453900297938381	332	355	60418	613	60418
3453646882841201	3453900441231563	0	356	60451	60451	60451
3453899341584357	3453900511859890	344	357	60469	280	60469
3453894522765782	3453900684297820	313	358	60509	1468	60509
3453646882841201	3453900885173416	0	359	60558	60558	60558
3453646882841201	3453900889536868	0	360	60559	60559	60559
3453899341584357	3453900936018050	344	361	60570	381	60570
3453897722924180	3453901023593539	332	362	60591	786	60591
3453894522765782	3453901325600092	313	363	60663	1622	60663
3453646882841201	3453901389112893	0	364	60678	60678	60678
3453893725930291	3453901515175246	308	365	60708	1857	60708
3453894522765782	3453901519370587	313	366	60709	1668	60709
3453894522765782	3453901615660700	313	367	60732	1691	60732
3453880073411686	3453901623581064	248	368	60734	5139	60734
3453899689730808	3453901817242635	346	369	60779	506	60779
3453646882841201	3453901913004698	0	370	60803	60803	60803
3453894522765782	3453901984588291	313	371	60820	1779	60820
3453897722924180	3453902164507693	332	372	60862	1057	60862
3453902164507693	3453902525407858	372	373	60949	87	60949
3453901817242635	3453902609693670	369	374	60968	189	60968
3453894522765782	3453902680436206	313	375	60984	1943	60984
3453894522765782	3453902714315785	313	376	60993	1952	60993
3453897722924180	3453902802417104	332	377	61015	1210	61015
3453646882841201	3453902827245053	0	378	61021	61021	61021
3453646882841201	3453902886543473	0	379	61035	61035	61035
3453646882841201	3453902966035075	0	380	61054	61054	61054
3453902802417104	3453903045746285	377	381	61073	58	61073
3453901984588291	3453903268324565	371	382	61126	306	61126
3453902525407858	3453903355757147	373	383	61147	198	61147
3453646882841201	3453903377178362	0	384	61150	61150	61150
3453902802417104	3453903666888083	377	385	61221	206	61221
3453646882841201	3453903674280048	0	386	61223	61223	61223
3453860859862918	3453903742405168	104	387	61238	10223	61238
3453866937210618	3453903876395634	159	388	61270	8806	61270
3453646882841201	3453903901334729	0	389	61276	61276	61276
3453900511859890	3453903988870281	357	390	61297	828	61297
3453903988870281	3453903997259461	390	391	61300	3	61300
3453646882841201	3453904128120285	0	392	61331	61331	61331
3453897722924180	3453904136274627	332	393	61333	1528	61333
3453646882841201	3453904186618660	0	394	61345	61345	61345
3453897722924180	3453904265710223	332	395	61364	1559	61364
3453900889536868	3453904375648659	360	396	61390	831	61390
3453901984588291	3453904417362947	371	397	61400	580	61400
3453646882841201	3453905113439977	0	398	61566	61566	61566
3453646882841201	3453905155481326	0	399	61574	61574	61574
3453646882841201	3453905193240209	0	400	61585	61585	61585
3453879473889940	3453905235444273	245	401	61595	6142	61595
3453880073411686	3453905340076204	248	402	61619	6024	61619
3453892706760674	3453905347900717	299	403	61622	3015	61622
3453877582092214	3453905575015495	227	404	61676	6674	61676
3453893419943543	3453905637946023	306	405	61691	2913	61691
3453904417362947	3453905939748983	397	406	61761	361	61761
3453880073411686	3453905990355865	248	407	61774	6179	61774
3453875015520502	3453906137196241	217	408	61810	7420	61810
3453646882841201	3453906195931669	0	409	61824	61824	61824
3453646882841201	3453906300060573	0	410	61849	61849	61849
3453904417362947	3453906518977776	397	411	61900	500	61900
3453894522765782	3453906640644438	313	412	61930	2889	61930
3453894522765782	3453907097021743	313	413	62039	2998	62039
3453897722924180	3453907177393406	332	414	62057	2252	62057
3453905347900717	3453907357796164	403	415	62099	477	62099
3453646882841201	3453907818480785	0	416	62211	62211	62211
3453882736518454	3453907957072732	263	417	62244	6013	62244
3453853405793080	3453907982358960	1	418	62250	13012	62250
3453894522765782	3453908099514357	313	419	62276	3235	62276
3453897722924180	3453909332879721	332	420	62570	2765	62570
3453646882841201	3453909521785421	0	421	62615	62615	62615
3453903997259461	3453910045515350	391	422	62742	1442	62742
3453892857788264	3453911249733474	301	423	63027	4383	63027
3453646882841201	3453911253713834	0	424	63029	63029	63029
3453900936018050	3453911279435547	361	425	63036	2466	63036
3453905990355865	3453911560524168	407	426	63103	1329	63103
3453910045515350	3453911812244361	422	427	63163	421	63163
3453646882841201	3453911828683301	0	428	63167	63167	63167
3453878085520967	3453911958819741	232	429	63199	8080	63199
3453900889536868	3453912319619913	360	430	63283	2724	63283
3453905990355865	3453912361223179	407	431	63294	1520	63294
3453646882841201	3453912688241962	0	432	63372	63372	63372
3453646882841201	3453912776327059	0	433	63393	63393	63393
3453894522765782	3453912915355053	313	434	63426	4385	63426
3453646882841201	3453913417652091	0	435	63546	63546	63546
3453646882841201	3453913439507906	0	436	63551	63551	63551
3453900889536868	3453913938380720	360	437	63669	3110	63669
3453872134131343	3453914546808025	202	438	63816	10114	63816
3453912776327059	3453914697837717	433	439	63851	458	63851
3453913938380720	3453915057710015	437	440	63936	267	63936
3453912319619913	3453915352040787	430	441	64006	723	64006
3453646882841201	3453915431623621	0	442	64026	64026	64026
3453905990355865	3453915767375082	407	443	64106	2332	64106
3453905990355865	3453916203283960	407	444	64210	2436	64210
3453646882841201	3453916711050983	0	445	64331	64331	64331
3453897722924180	3453917008915323	332	446	64402	4597	64402
3453646882841201	3453917029309439	0	447	64407	64407	64407
3453646882841201	3453917042477658	0	448	64408	64408	64408
3453915767375082	3453917096604565	443	449	64423	317	64423
3453876617446339	3453918132982769	224	450	64670	9898	64670
3453646882841201	3453918250449436	0	451	64698	64698	64698
3453646882841201	3453918384696839	0	452	64730	64730	64730
3453646882841201	3453919244456254	0	453	64935	64935	64935
3453915767375082	3453919340945496	443	454	64956	850	64956
3453860012424650	3453919508312679	96	455	64998	14187	64998
3453646882841201	3453920045476590	0	456	65125	65125	65125
3453646882841201	3453920070462924	0	457	65132	65132	65132
3453892857788264	3453920238268183	301	458	65172	6528	65172
3453646882841201	3453920389294015	0	459	65207	65207	65207
3453646882841201	3453920543865864	0	460	65245	65245	65245
3453914546808025	3453920939053893	438	461	65337	1521	65337
3453646882841201	3453924067886910	0	462	66085	66085	66085
3453646882841201	3453925065832921	0	463	66323	66323	66323
3453646882841201	3453925091250387	0	464	66329	66329	66329
3453911812244361	3453926319433356	427	465	66622	3459	66622
3453646882841201	3453926345088748	0	466	66628	66628	66628
3453646882841201	3453926349545456	0	467	66629	66629	66629
3453646882841201	3453926944992202	0	468	66772	66772	66772
3453905990355865	3453927615953599	407	469	66930	5156	66930
3453646882841201	3453928224534865	0	470	67076	67076	67076
3453911253713834	3453928508963510	424	471	67144	4115	67144
3453646882841201	3453929931080857	0	472	67483	67483	67483
3453646882841201	3453930212112655	0	473	67550	67550	67550
3453646882841201	3453930543033680	0	474	67629	67629	67629
3453646882841201	3453931080618618	0	475	67757	67757	67757
3453646882841201	3453931142847231	0	476	67773	67773	67773
3453646882841201	3453931801565730	0	477	67929	67929	67929
3453931142847231	3453931873238437	476	478	67946	173	67946
3453905990355865	3453931982645635	407	479	67972	6198	67972
3453928508963510	3453932065635990	471	480	67992	848	67992
3453646882841201	3453932107763632	0	481	68002	68002	68002
3453646882841201	3453932170681140	0	482	68018	68018	68018
3453881810121436	3453932179482669	257	483	68018	12009	68018
3453931142847231	3453932753532926	476	484	68156	383	68156
3453646882841201	3453932917566717	0	485	68195	68195	68195
3453646882841201	3453933131518550	0	486	68244	68244	68244
3453894522765782	3453933794447164	313	487	68402	9361	68402
3453915057710015	3453934545017137	440	488	68584	4648	68584
3453646882841201	3453934998201231	0	489	68691	68691	68691
3453931080618618	3453935077798240	475	490	68710	953	68710
3453905990355865	3453935156985670	407	491	68729	6955	68729
3453646882841201	3453935304071820	0	492	68762	68762	68762
3453894522765782	3453935471757327	313	493	68804	9763	68804
3453646882841201	3453935492730048	0	494	68809	68809	68809
3453928508963510	3453936612690606	471	495	69077	1933	69077
3453931873238437	3453936730153746	478	496	69102	1156	69102
3453905575015495	3453937581766601	404	497	69307	7631	69307
3453646882841201	3453939167003729	0	498	69684	69684	69684
3453646882841201	3453940630846386	0	499	70034	70034	70034
3453906518977776	3453940840602224	411	500	70081	8181	70081
3453904417362947	3453941025188611	397	501	70128	8728	70128
3453915767375082	3453941154624533	443	502	70159	6053	70159
3453646882841201	3453941708750406	0	503	70291	70291	70291
3453941708750406	3453942400397452	503	504	70455	164	70455
3453646882841201	3453942598314219	0	505	70503	70503	70503
3453900298590028	3453943059123771	354	506	70611	10194	70611
3453892706760674	3453943084742636	299	507	70618	12011	70618
3453646882841201	3453943491160244	0	508	70716	70716	70716
3453932179482669	3453943914621279	483	509	70818	2800	70818
3453892706760674	3453944732908703	299	510	71012	12405	71012
3453899987973211	3453945236081717	351	511	71131	10789	71131
3453894522765782	3453945839641687	313	512	71276	12235	71276
3453936612690606	3453946334594722	495	513	71392	2315	71392
3453896876015715	3453946380734462	327	514	71402	11802	71402
3453915767375082	3453948633615118	443	515	71940	7834	71940
3453926319433356	3453948709414749	465	516	71958	5336	71958
3453646882841201	3453953096583145	0	517	73006	73006	73006
3453895244333119	3453953641964692	317	518	73136	13923	73136
3453912915355053	3453953746845789	434	519	73159	9733	73159
3453646882841201	3453955592228998	0	520	73601	73601	73601
3453646882841201	3453956896560718	0	521	73913	73913	73913
3453857399336222	3453957844412977	63	522	74137	23946	74137
3453646882841201	3453957877606494	0	523	74146	74146	74146
3453905990355865	3453959110800695	407	524	74438	12664	74438
3453905990355865	3453959174192887	407	525	74454	12680	74454
3453865661802529	3453960104449969	147	526	74676	22517	74676
3453646882841201	3453960348189079	0	527	74735	74735	74735
3453920045476590	3453961426526350	456	528	74992	9867	74992
3453961426526350	3453961867030593	528	529	75094	102	75094
3453905990355865	3453962139262881	407	530	75159	13385	75159
3453646882841201	3453963913276428	0	531	75585	75585	75585
3453893302477709	3453966178062263	304	532	76125	17375	76125
3453894522765782	3453967143116123	313	533	76353	17312	76353
3453646882841201	3453968225496974	0	534	76612	76612	76612
3453858913541687	3453969256976086	84	535	76858	26307	76858
3453905990355865	3453969395269840	407	536	76892	15118	76892
3453854706395764	3453971274609866	21	537	77340	27792	77340
3453646882841201	3453972658846333	0	538	77670	77670	77670
3453942400397452	3453973422034736	504	539	77852	7397	77852
3453862688468761	3453974982382508	120	540	78224	26773	78224
3453900889536868	3453978677685820	360	541	79103	18544	79103
3453853842614109	3453978823852513	7	542	79140	29798	79140
3453905990355865	3453979021694108	407	543	79188	17414	79188
3453880073411686	3453980107577593	248	544	79445	23850	79445
3453646882841201	3453980183341235	0	545	79464	79464	79464
3453948709414749	3453981143163650	516	546	79693	7735	79693
3453646882841201	3453981156359241	0	547	79696	79696	79696
3453646882841201	3453981534107085	0	548	79785	79785	79785
3453865229766222	3453987540051066	139	549	81216	29159	81216
3453646882841201	3453989272647731	0	550	81629	81629	81629
3453646882841201	3453989780002496	0	551	81751	81751	81751
3453989780002496	3453991075768690	551	552	82062	311	82062
3453646882841201	3453992086539187	0	553	82299	82299	82299
3453646882841201	3453992502155808	0	554	82401	82401	82401
3453969395269840	3453993257029363	536	555	82581	5689	82581
3453987540051066	3453993709802157	549	556	82689	1473	82689
3453646882841201	3453994393134774	0	557	82852	82852	82852
3453994393134774	3453995035211770	557	558	83005	153	83005
3453993257029363	3453995056187559	555	559	83010	429	83010
3453905990355865	3453995429556821	407	560	83097	21323	83097
3453646882841201	3453997639431410	0	561	83625	83625	83625
3453646882841201	3453997929707142	0	562	83693	83693	83693
3453646882841201	3454000475302912	0	563	84300	84300	84300
3453646882841201	3454005302320712	0	564	85451	85451	85451
3453646882841201	3454006678130179	0	565	85781	85781	85781
3454006678130179	3454006992927830	565	566	85856	75	85856
3454006678130179	3454007114569915	565	567	85885	104	85885
3453906195931669	3454008276571678	409	568	86161	24337	86161
3454006678130179	3454008397892149	565	569	86192	411	86192
3453646882841201	3454008734065316	0	570	86271	86271	86271
3454006678130179	3454009643408009	565	571	86487	706	86487
3453905990355865	3454010881300197	407	572	86780	25006	86780
3453646882841201	3454011024178926	0	573	86814	86814	86814
3453646882841201	3454011438881430	0	574	86916	86916	86916
3454008276571678	3454011443075885	568	575	86917	756	86917
3453991075768690	3454012797915728	552	576	87241	5179	87241
3454011024178926	3454013658315500	573	577	87444	630	87444
3453646882841201	3454014085696173	0	578	87547	87547	87547
3454011438881430	3454015285581519	574	579	87833	917	87833
3453646882841201	3454019069011731	0	580	88735	88735	88735
3453646882841201	3454019223451910	0	581	88772	88772	88772
3454019223451910	3454019760145206	581	582	88900	128	88900
3453646882841201	3454020310219119	0	583	89029	89029	89029
3453646882841201	3454021169515615	0	584	89236	89236	89236
3453646882841201	3454023376370389	0	585	89762	89762	89762
3453992086539187	3454024429159030	553	586	90011	7712	90011
3453646882841201	3454024622148526	0	587	90058	90058	90058
3454024622148526	3454025842305554	587	588	90350	292	90350
3453646882841201	3454026366918264	0	589	90473	90473	90473
3453646882841201	3454028413760180	0	590	90963	90963	90963
3453646882841201	3454031986754705	0	591	91815	91815	91815
3453646882841201	3454032217678868	0	592	91867	91867	91867
3453646882841201	3454032465205807	0	593	91929	91929	91929
3454032217678868	3454034625636566	592	594	92443	576	92443
3454008276571678	3454036534066711	568	595	92897	6736	92897
3454031986754705	3454037665760470	591	596	93169	1354	93169
3453905990355865	3454038500864641	407	597	93365	31591	93365
3453997929707142	3454039746242479	562	598	93665	9972	93665
3453646882841201	3454040794897587	0	599	93914	93914	93914
3453943059123771	3454044662536931	506	600	94837	24226	94837
3453894522765782	3454049476990812	313	601	95985	36944	95985
3453995056187559	3454050747744657	559	602	96288	13278	96288
3453646882841201	3454051435663104	0	603	96452	96452	96452
3453646882841201	3454051495034424	0	604	96464	96464	96464
3454008276571678	3454052216313654	568	605	96636	10475	96636
3453905990355865	3454057530681028	407	606	97905	36131	97905
3453892551906187	3454059933403009	297	607	98478	39907	98478
3453646882841201	3454061062194877	0	608	98747	98747	98747
3453646882841201	3454062760594545	0	609	99152	99152	99152
3453646882841201	3454063318613310	0	610	99285	99285	99285
3453866517658166	3454063553077736	155	611	99340	46976	99340
3453646882841201	3454066627872226	0	612	100074	100074	100074
3453646882841201	3454067273721060	0	613	100228	100228	100228
3453646882841201	3454068296880521	0	614	100473	100473	100473
3453646882841201	3454069912358400	0	615	100856	100856	100856
3454066627872226	3454070260322734	612	616	100940	866	100940
3453646882841201	3454071010818857	0	617	101117	101117	101117
3453646882841201	3454071853593345	0	618	101320	101320	101320
3454063318613310	3454073212859769	610	619	101644	2359	101644
3453880073411686	3454073347377003	248	620	101676	46081	101676
3454066627872226	3454073666222651	612	621	101752	1678	101752
3453905990355865	3454078078582395	407	622	102801	41027	102801
3454068296880521	3454078988671038	614	623	103020	2547	103020
3453892706760674	3454086273471629	299	624	104759	46152	104759
3453646882841201	3454093235940437	0	625	106418	106418	106418
3453646882841201	3454102455709330	0	626	108616	108616	108616
3453892706760674	3454106998105399	299	627	109699	51092	109699
3454063318613310	3454107929533467	610	628	109921	10636	109921
3453646882841201	3454115453611877	0	629	111714	111714	111714
3453646882841201	3454142393668298	0	630	118137	118137	118137
3453646882841201	3454162857460727	0	631	123017	123017	123017
3454010881300197	3454194465505394	572	632	130552	43772	130552
3453646882841201	3454196135136099	0	633	130950	130950	130950
3454012797915728	3454203034754071	576	634	132596	45355	132596
3453646882841201	3454211020883136	0	635	134500	134500	134500
3453646882841201	3454218800890675	0	636	136356	136356	136356
3453646882841201	3454219833517426	0	637	136601	136601	136601
3454219833517426	3454220311507992	637	638	136715	114	136715
3454220311507992	3454220525462878	638	639	136765	50	136765
3453646882841201	3454222802630998	0	640	137309	137309	137309
3454073212859769	3454224765705357	619	641	137777	36133	137777
3453646882841201	3454234986771828	0	642	140214	140214	140214
3453646882841201	3454237046688629	0	643	140704	140704	140704
3453646882841201	3454238695143649	0	644	141098	141098	141098
3453646882841201	3454240091915673	0	645	141431	141431	141431
3453646882841201	3454244835444933	0	646	142562	142562	142562
3453948709414749	3454249164319057	516	647	143594	71636	143594
3453646882841201	3454249264744145	0	648	143617	143617	143617
3453646882841201	3454267530866386	0	649	147973	147973	147973
3453881810121436	3454290876531849	257	650	153539	97530	153539
3453646882841201	3454301240487968	0	651	156010	156010	156010
3453880073411686	3454304084353164	248	652	156688	101093	156688
3453646882841201	3454305095032114	0	653	156929	156929	156929
3453893365080041	3454308550585794	305	654	157753	98988	157753
3453646882841201	3454318507829376	0	655	160127	160127	160127
3453646882841201	3454324674298219	0	656	161597	161597	161597
3453892706760674	3454333217949163	299	657	163634	105027	163634
3453646882841201	3454339912032918	0	658	165230	165230	165230
3453646882841201	3454368973642055	0	659	172159	172159	172159
3453646882841201	3454393607571667	0	660	178030	178030	178030
3453858913541687	3454410825051800	84	661	182136	131585	182136
3454410825051800	3454415472450520	661	662	183246	1110	183246
3453646882841201	3454416071678932	0	663	183388	183388	183388
3453646882841201	3454418126769628	0	664	183875	183875	183875
3453646882841201	3454421268538793	0	665	184627	184627	184627
3454421268538793	3454427815758552	665	666	186184	1557	186184
3454427815758552	3454429073837832	666	667	186488	304	186488
3453646882841201	3454429980702231	0	668	186703	186703	186703
3453926944992202	3454432194961212	468	669	187232	120460	187232
3454037665760470	3454432412436920	596	670	187285	94116	187285
3453646882841201	3454435134980906	0	671	187930	187930	187930
3453646882841201	3454464701012911	0	672	194982	194982	194982
3454432412436920	3454465966901488	670	673	195284	7999	195284
3453646882841201	3454493456981096	0	674	201838	201838	201838
3454493456981096	3454494094767338	674	675	201990	152	201990
3454494094767338	3454501086813115	675	676	203657	1667	203657
3454494094767338	3454527962930432	675	677	210064	8074	210064
3453939167003729	3454548486585037	498	678	214957	145273	214957
3453934545017137	3454579183948238	488	679	222276	153692	222276
3453646882841201	3454603830156560	0	680	228152	228152	228152
3453646882841201	3454611673809959	0	681	230021	230021	230021
3453646882841201	3454633685244343	0	682	235271	235271	235271
3454579183948238	3454634972949762	679	683	235578	13302	235578
3454008397892149	3454653276621109	569	684	239940	153748	239940
3454579183948238	3454662617602237	679	685	242169	19893	242169
3454010881300197	3454665566328397	572	686	242871	156091	242871
3453646882841201	3454694309731846	0	687	249723	249723	249723
3453946334594722	3454760810665592	513	688	265578	194186	265578
3453912319619913	3454785364085389	430	689	271434	208151	271434
3453646882841201	3454823783778520	0	690	280594	280594	280594
3453646882841201	3454930716738975	0	691	306090	306090	306090
3453646882841201	3454943665264347	0	692	309174	309174	309174
3453646882841201	3454951809945151	0	693	311118	311118	311118
3453881810121436	3454967916839618	257	694	314958	258949	314958
3453646882841201	3454985289637521	0	695	319100	319100	319100
3453646882841201	3455086271863673	0	696	343174	343174	343174
3453646882841201	3455138838908307	0	697	355708	355708	355708
3453646882841201	3455139987850613	0	698	355982	355982	355982
3453646882841201	3455304191174471	0	699	395132	395132	395132
3453646882841201	3455304253762609	0	700	395147	395147	395147
3453646882841201	3455323124165631	0	701	399644	399644	399644
3453892706760674	3455340371140780	299	702	403758	345151	403758
3453892706760674	3455348281013253	299	703	405644	347037	405644
3455348281013253	3455355185450888	703	704	407288	1644	407288
3455355185450888	3455356699411853	704	705	407651	363	407651
3454304084353164	3455379515664656	652	706	413090	256402	413090
3455086271863673	3455477771748259	696	707	436517	93343	436517
3453646882841201	3455477838657513	0	708	436534	436534	436534
3453900889536868	3455777148376847	360	709	507894	447335	507894
3453646882841201	3455849328420768	0	710	525104	525104	525104
3453646882841201	3455855904972028	0	711	526670	526670	526670
3453892706760674	3456186244756501	299	712	605429	546822	605429
3453646882841201	3456195702717473	0	713	607685	607685	607685
3453646882841201	3456204317767901	0	714	609737	609737	609737
3456186244756501	3456395271683476	712	715	655264	49835	655264
3456395271683476	3456511592548121	715	716	683000	27736	683000
3453646882841201	3456539266874899	0	717	689596	689596	689596
3453646882841201	3456586573897089	0	718	700876	700876	700876
3456586573897089	3456745324196610	718	719	738725	37849	738725
3453646882841201	3456851225763489	0	720	763974	763974	763974
3453900889536868	3457909062935075	360	721	1016181	955622	1016181
3457909062935075	3457909381653538	721	722	1016258	77	1016258
3457909381653538	3457910128977679	722	723	1016435	177	1016435
3457910128977679	3457913865281875	723	724	1017325	890	1017325
3453646882841201	3457914565826725	0	725	1017495	1017495	1017495
3453900889536868	3457914590993575	360	726	1017500	956941	1017500
3457914590993575	3457914746119441	726	727	1017535	35	1017535
3457914590993575	3457914822011699	726	728	1017554	54	1017554
3457914590993575	3457914822304205	726	729	1017556	56	1017556
3457914590993575	3457915225043280	726	730	1017651	151	1017651
3457914590993575	3457915316638074	726	731	1017673	173	1017673
3453900889536868	3457915581326589	360	732	1017736	957177	1017736
3457914590993575	3457915681486838	726	733	1017758	258	1017758
3457914590993575	3457915686203686	726	734	1017759	259	1017759
3457914590993575	3457915731820342	726	735	1017771	271	1017771
3457915581326589	3457915749175414	732	736	1017774	38	1017774
3453646882841201	3457915774346306	0	737	1017782	1017782	1017782
3457914590993575	3457915966781998	726	738	1017827	327	1017827
3457914590993575	3457916017044114	726	739	1017840	340	1017840
3457916017044114	3457916058988833	739	740	1017850	10	1017850
3457914590993575	3457916084155746	726	741	1017855	355	1017855
3453646882841201	3457916255866787	0	742	1017897	1017897	1017897
3457914590993575	3457916360728597	726	743	1017922	422	1017922
3457915581326589	3457916479132458	732	744	1017951	215	1017951
3457914590993575	3457916545619629	726	745	1017966	466	1017966
3457915581326589	3457916567229862	732	746	1017968	232	1017968
3457914590993575	3457916616591107	726	747	1017982	482	1017982
3457914590993575	3457916880842534	726	748	1018046	546	1018046
3453646882841201	3457916893425880	0	749	1018049	1018049	1018049
3457916084155746	3457917321757994	741	750	1018151	296	1018151
3457917321757994	3457917384178371	750	751	1018166	15	1018166
3457914590993575	3457917422777245	726	752	1018173	673	1018173
3457914590993575	3457917498290171	726	753	1018193	693	1018193
3453646882841201	3457917602627473	0	754	1018218	1018218	1018218
3457916880842534	3457917607023872	748	755	1018219	173	1018219
3457914590993575	3457918014291737	726	756	1018316	816	1018316
3457918014291737	3457918068215545	756	757	1018328	12	1018328
3457917384178371	3457918105966119	751	758	1018337	171	1018337
3457914590993575	3457918123016717	726	759	1018342	842	1018342
3457916567229862	3457918190137282	746	760	1018357	389	1018357
3457914590993575	3457918207005350	726	761	1018361	861	1018361
3453646882841201	3457918328274273	0	762	1018391	1018391	1018391
3457917607023872	3457918416670135	755	763	1018412	193	1018412
3457915731820342	3457918567692859	735	764	1018448	677	1018448
3457918105966119	3457918886620036	758	765	1018522	185	1018522
3453646882841201	3457918903400505	0	766	1018528	1018528	1018528
3453900889536868	3457918919697302	360	767	1018533	957974	1018533
3457914590993575	3457918928571750	726	768	1018533	1033	1018533
3457918928571750	3457919007914567	768	769	1018551	18	1018551
3457917498290171	3457919179913269	753	770	1018594	401	1018594
3457914590993575	3457919301056517	726	771	1018623	1123	1018623
3457916479132458	3457919318720668	744	772	1018627	676	1018627
3457918123016717	3457919985486523	759	773	1018786	444	1018786
3457914590993575	3457920006462181	726	774	1018789	1289	1018789
3457920006462181	3457920002266937	774	775	1018790	1	1018790
3453646882841201	3457920216219881	0	776	1018841	1018841	1018841
3457914590993575	3457920425976765	726	777	1018891	1391	1018891
3457914590993575	3457920848819732	726	778	1018991	1491	1018991
3457914590993575	3457920907542548	726	779	1019006	1506	1019006
3457914590993575	3457921348499370	726	780	1019109	1609	1019109
3453646882841201	3457921436046759	0	781	1019129	1019129	1019129
3457914590993575	3457921729986971	726	782	1019200	1700	1019200
3457914590993575	3457922040051404	726	783	1019274	1774	1019274
3457918416670135	3457922137325432	763	784	1019299	887	1019299
3453646882841201	3457922430138171	0	785	1019369	1019369	1019369
3453646882841201	3457922564099787	0	786	1019401	1019401	1019401
3457918886620036	3457922707436796	765	787	1019434	912	1019434
3457914590993575	3457923293937353	726	788	1019575	2075	1019575
3453646882841201	3457923365799211	0	789	1019590	1019590	1019590
3457922707436796	3457923818247146	787	790	1019701	267	1019701
3457914590993575	3457923999442267	726	791	1019742	2242	1019742
3457923818247146	3457925118882455	790	792	1020008	307	1020008
3457914590993575	3457925303439378	726	793	1020055	2555	1020055
3457914590993575	3457925634802296	726	794	1020133	2633	1020133
3453646882841201	3457925895376483	0	795	1020196	1020196	1020196
3457914590993575	3457926071085438	726	796	1020237	2737	1020237
3457926071085438	3457926264057792	796	797	1020283	46	1020283
3457918190137282	3457927102607467	760	798	1020483	2126	1020483
3457925118882455	3457927366859476	792	799	1020546	538	1020546
3453646882841201	3457927790501694	0	800	1020645	1020645	1020645
3457914590993575	3457927886974138	726	801	1020671	3171	1020671
3453646882841201	3457928134356884	0	802	1020729	1020729	1020729
3457914590993575	3457928667551996	726	803	1020856	3356	1020856
3453646882841201	3457928809756146	0	804	1020890	1020890	1020890
3457928667551996	3457928906137743	803	805	1020913	57	1020913
3453646882841201	3457929216265526	0	806	1020988	1020988	1020988
3453900889536868	3457929217117199	360	807	1020990	960431	1020990
3457914590993575	3457930944383285	726	808	1021399	3899	1021399
3453646882841201	3457930982689148	0	809	1021408	1021408	1021408
3457929217117199	3457931569994892	807	810	1021548	558	1021548
3457914590993575	3457931632632852	726	811	1021561	4061	1021561
3457930944383285	3457931813306458	808	812	1021606	207	1021606
3453646882841201	3457933347812229	0	813	1021971	1021971	1021971
3457914590993575	3457933696353520	726	814	1022053	4553	1022053
3453646882841201	3457933758870678	0	815	1022070	1022070	1022070
3453646882841201	3457934271073347	0	816	1022192	1022192	1022192
3453646882841201	3457934992356380	0	817	1022363	1022363	1022363
3453646882841201	3457935575074671	0	818	1022503	1022503	1022503
3457920216219881	3457935919459372	776	819	1022585	3744	1022585
3457934992356380	3457935973548004	817	820	1022597	234	1022597
3453646882841201	3457936833149953	0	821	1022803	1022803	1022803
3457933696353520	3457937664336191	814	822	1022997	944	1022997
3453646882841201	3457937982433537	0	823	1023077	1023077	1023077
3453646882841201	3457938112944055	0	824	1023107	1023107	1023107
3453646882841201	3457938230273072	0	825	1023136	1023136	1023136
3453646882841201	3457938578046923	0	826	1023219	1023219	1023219
3453646882841201	3457938717202366	0	827	1023250	1023250	1023250
3453980107577593	3457939346471420	544	828	1023402	943957	1023402
3457929217117199	3457940042600695	807	829	1023568	2578	1023568
3453646882841201	3457940738784869	0	830	1023731	1023731	1023731
3453646882841201	3457941002556399	0	831	1023795	1023795	1023795
3457938112944055	3457941136671213	824	832	1023829	722	1023829
3457935919459372	3457941699414699	819	833	1023963	1378	1023963
3453646882841201	3457942361565771	0	834	1024119	1024119	1024119
3453646882841201	3457942915236978	0	835	1024253	1024253	1024253
3457927886974138	3457943028761564	801	836	1024280	3609	1024280
3457927366859476	3457943200460855	799	837	1024321	3775	1024321
3457939346471420	3457943310081118	828	838	1024347	945	1024347
3453646882841201	3457943909722120	0	839	1024490	1024490	1024490
3453873140118566	3457944106893801	207	840	1024537	970594	1024537
3453646882841201	3457944395886023	0	841	1024606	1024606	1024606
3453646882841201	3457945150892484	0	842	1024784	1024784	1024784
3453646882841201	3457945142828693	0	843	1024785	1024785	1024785
3453646882841201	3457945323219257	0	844	1024827	1024827	1024827
3453646882841201	3457945490736599	0	845	1024867	1024867	1024867
3453646882841201	3457945633257167	0	846	1024902	1024902	1024902
3453646882841201	3457946098465539	0	847	1025012	1025012	1025012
3453646882841201	3457946232688887	0	848	1025044	1025044	1025044
3453646882841201	3457946664720314	0	849	1025147	1025147	1025147
3457945142828693	3457946803137939	843	850	1025180	395	1025180
3453646882841201	3457946907999868	0	851	1025202	1025202	1025202
3453646882841201	3457948162150724	0	852	1025505	1025505	1025505
3453646882841201	3457949684864711	0	853	1025867	1025867	1025867
3457914590993575	3457950465423208	726	854	1026053	8553	1026053
3457930944383285	3457951014128155	808	855	1026185	4786	1026185
3457951014128155	3457951237331382	855	856	1026237	52	1026237
3457950465423208	3457951253722343	854	857	1026238	185	1026238
3457937982433537	3457951279282315	823	858	1026245	3168	1026245
3457914590993575	3457951572942998	726	859	1026318	8818	1026318
3457951572942998	3457952507361683	859	860	1026540	222	1026540
3453646882841201	3457952617275709	0	861	1026566	1026566	1026566
3457950465423208	3457953447654715	854	862	1026762	709	1026762
3453646882841201	3457953938052910	0	863	1026879	1026879	1026879
3457951253722343	3457954030345015	857	864	1026903	665	1026903
3453646882841201	3457955691335696	0	865	1027299	1027299	1027299
3457914590993575	3457956106350394	726	866	1027397	9897	1027397
3457927886974138	3457956396323521	801	867	1027466	6795	1027466
3457951253722343	3457957415484088	857	868	1027710	1472	1027710
3453646882841201	3457957687275824	0	869	1027775	1027775	1027775
3457957415484088	3457959340036107	868	870	1028169	459	1028169
3453646882841201	3457960564829127	0	871	1028462	1028462	1028462
3453646882841201	3457961374228190	0	872	1028654	1028654	1028654
3457918928571750	3457961437283352	768	873	1028668	10135	1028668
3453646882841201	3457961961454161	0	874	1028795	1028795	1028795
3453646882841201	3457962297269061	0	875	1028874	1028874	1028874
3457943310081118	3457962448608437	838	876	1028909	4562	1028909
3457962297269061	3457963748503312	875	877	1029219	345	1029219
3453646882841201	3457964352042518	0	878	1029364	1029364	1029364
3457963748503312	3457965367541922	877	879	1029605	386	1029605
3457962448608437	3457965577666175	876	880	1029656	747	1029656
3453646882841201	3457966159862747	0	881	1029796	1029796	1029796
3457920216219881	3457966172997874	776	882	1029796	10955	1029796
3453646882841201	3457966755624667	0	883	1029936	1029936	1029936
3453646882841201	3457967149905533	0	884	1030029	1030029	1030029
3457954030345015	3457967657935016	864	885	1030152	3249	1030152
3453646882841201	3457968283014484	0	886	1030299	1030299	1030299
3457953938052910	3457969432223423	863	887	1030574	3695	1030574
3453646882841201	3457972258531921	0	888	1031249	1031249	1031249
3453646882841201	3457972523264604	0	889	1031312	1031312	1031312
3457914590993575	3457974729399913	726	890	1031837	14337	1031837
3457914590993575	3457974943088728	726	891	1031889	14389	1031889
3457914590993575	3457978101199426	726	892	1032642	15142	1032642
3453646882841201	3457978101478949	0	893	1032642	1032642	1032642
3457974729399913	3457981477767351	890	894	1033447	1610	1033447
3453646882841201	3457981511570425	0	895	1033455	1033455	1033455
3457914590993575	3457985030667329	726	896	1034293	16793	1034293
3457981477767351	3457985106180993	894	897	1034308	861	1034308
3457965577666175	3457985781422583	880	898	1034472	4816	1034472
3457985106180993	3457987630408249	897	899	1034912	604	1034912
3457969432223423	3457988533145661	887	900	1035127	4553	1035127
3457988533145661	3457990910687055	900	901	1035696	569	1035696
3457985781422583	3457992915797907	898	902	1036174	1702	1036174
3457940042600695	3457993155245173	829	903	1036227	12659	1036227
3457992915797907	3457993359833008	902	904	1036278	104	1036278
3457946803137939	3457993507383325	850	905	1036315	11135	1036315
3453646882841201	3457993544576727	0	906	1036325	1036325	1036325
3453646882841201	3457993896728020	0	907	1036409	1036409	1036409
3453646882841201	3457994173564964	0	908	1036473	1036473	1036473
3457993155245173	3457994279309549	903	909	1036500	273	1036500
3453646882841201	3457994442200302	0	910	1036535	1036535	1036535
3453646882841201	3457994748212565	0	911	1036611	1036611	1036611
3453646882841201	3457995054599430	0	912	1036685	1036685	1036685
3457987630408249	3457995411764480	899	913	1036769	1857	1036769
3457993359833008	3457995554403620	904	914	1036803	525	1036803
3457995411764480	3457996099406196	913	915	1036931	162	1036931
3457996099406196	3457997500485612	915	916	1037264	333	1037264
3453646882841201	3457997658931296	0	917	1037306	1037306	1037306
3457996099406196	3457998205034642	915	918	1037434	503	1037434
3457998205034642	3457998657691573	918	919	1037543	109	1037543
3457998657691573	3458000574834776	919	920	1037999	456	1037999
3457997500485612	3458001015343169	916	921	1038103	839	1038103
3458000574834776	3458001673091131	920	922	1038262	263	1038262
3458000574834776	3458002080443369	920	923	1038359	360	1038359
3453646882841201	3458002616594039	0	924	1038487	1038487	1038487
3453646882841201	3458002805958085	0	925	1038530	1038530	1038530
3458002080443369	3458003753819044	923	926	1038757	398	1038757
3458002805958085	3458004412772167	925	927	1038914	384	1038914
3457993359833008	3458005334844710	904	928	1039135	2857	1039135
3457922137325432	3458005918050557	784	929	1039271	19972	1039271
3458005334844710	3458007193150667	928	930	1039578	443	1039578
3457974729399913	3458007923248620	890	931	1039751	7914	1039751
3458005334844710	3458008124242609	928	932	1039800	665	1039800
3457943200460855	3458009575971199	837	933	1040146	15825	1040146
3457974729399913	3458010167259250	890	934	1040288	8451	1040288
3458002080443369	3458010527619329	923	935	1040372	2013	1040372
3453646882841201	3458010544400675	0	936	1040377	1040377	1040377
3457914590993575	3458012494693341	726	937	1040841	23341	1040841
3457969432223423	3458015291959415	887	938	1041507	10933	1041507
3457914590993575	3458015350682951	726	939	1041519	24019	1041519
3453646882841201	3458015485746154	0	940	1041555	1041555	1041555
3458015485746154	3458019482700364	940	941	1042505	950	1042505
3457920216219881	3458019817621730	776	942	1042588	23747	1042588
3458001673091131	3458021553907836	922	943	1043003	4741	1043003
3457914590993575	3458021869408938	726	944	1043076	25576	1043076
3458019817621730	3458022079185557	942	945	1043124	536	1043124
3457995411764480	3458024503412937	913	946	1043705	6936	1043705
3458024503412937	3458028466294540	946	947	1044650	945	1044650
3458022079185557	3458029670813939	945	948	1044937	1813	1044937
3457914590993575	3458032128668681	726	949	1045520	28020	1045520
3458028466294540	3458032853960105	947	950	1045696	1046	1045696
3457918207005350	3458041322542807	761	951	1047712	29351	1047712
3453646882841201	3458046863031289	0	952	1049035	1049035	1049035
3457981477767351	3458051824304734	894	953	1050219	16772	1050219
3453646882841201	3458055264059091	0	954	1051039	1051039	1051039
3457914590993575	3458055582653385	726	955	1051116	33616	1051116
3453646882841201	3458062025643017	0	956	1052651	1052651	1052651
3453646882841201	3458073827536909	0	957	1055465	1055465	1055465
3453646882841201	3458191478277361	0	958	1083514	1083514	1083514
3453646882841201	3458193227275521	0	959	1083932	1083932	1083932
3453646882841201	3458263108589671	0	960	1100593	1100593	1100593
3453646882841201	3458271404803193	0	961	1102570	1102570	1102570
3458073827536909	3458280623511477	957	962	1104768	49303	1104768
3453856707214105	3458300072996078	54	963	1109406	1059381	1109406
3457914590993575	3458301566203078	726	964	1109763	92263	1109763
3458051824304734	3458328002679738	953	965	1116065	65846	1116065
3453646882841201	3458383833385345	0	966	1129375	1129375	1129375
3458005918050557	3458392019974036	929	967	1131327	92056	1131327
3458015291959415	3458543707745659	938	968	1167493	125986	1167493
3457990910687055	3458544861271319	901	969	1167767	132071	1167767
3458543707745659	3458545447626726	968	970	1167908	415	1167908
3458544861271319	3458545808346764	969	971	1167995	228	1167995
3458544861271319	3458547457044997	969	972	1168386	619	1168386
3458041322542807	3458601987362306	951	973	1181387	133675	1181387
3453646882841201	3458616956314392	0	974	1184958	1184958	1184958
3453646882841201	3458652683695566	0	975	1193473	1193473	1193473
3453646882841201	3458661483267382	0	976	1195571	1195571	1195571
3457914590993575	3458759764865785	726	977	1219002	201502	1219002
3458545447626726	3458883391411693	970	978	1248479	80571	1248479
3458055582653385	3458954707746119	955	979	1265482	214366	1265482
3453646882841201	3459002933811804	0	980	1276980	1276980	1276980
3453646882841201	3459243128401846	0	981	1334248	1334248	1334248
3457914590993575	3459834760151804	726	982	1475304	457804	1475304
3458616956314392	3460449674752933	974	983	1621910	436952	1621910
3453646882841201	3460470135048611	0	984	1626788	1626788	1626788
3457914590993575	3461144255642326	726	985	1787512	770012	1787512
3453868829019754	3461321012074514	179	986	1829651	1776736	1829651
3461321012074514	3461326557137759	986	987	1830973	1322	1830973
3458055264059091	3465687122989153	954	988	2870616	1819577	2870616
3454930716738975	3467582667406660	691	989	3322548	3016458	3322548
3458616956314392	3467904227905610	974	990	3399214	2214256	3399214
3458616956314392	3467904249085036	974	991	3399219	2214261	3399219
3453646882841201	3468998819509064	0	992	3660186	3660186	3660186
3453646882841201	3469041031317143	0	993	3670250	3670250	3670250
3455086271863673	3478610402427502	696	994	5951766	5608592	5951766
3454301240487968	3542743714000954	651	995	21242339	21086329	21242339
3542743714000954	3559592451261060	995	996	25259390	4017051	25259390
3453646882841201	3562663949275915	0	997	25991692	25991692	25991692
3453646882841201	3620559097592361	0	998	39794972	39794972	39794972
3453646882841201	3626130374519296	0	999	41123268	41123268	41123268
