index	task_id	root_id	label_value	total_nodes	root_created_at	window_name	requested_total_points
1	3453646882841201|window_50	3453646882841201	rumor	1000	2012-06-05 19:50:46+08	window_50	50
2	3453646882841201|window_100	3453646882841201	rumor	1000	2012-06-05 19:50:46+08	window_100	100
3	3453646882841201|window_200	3453646882841201	rumor	1000	2012-06-05 19:50:46+08	window_200	200
4	3458052025942521|window_50	3458052025942521	rumor	1000	2012-06-17 23:35:14+08	window_50	50
5	3458052025942521|window_100	3458052025942521	rumor	1000	2012-06-17 23:35:14+08	window_100	100
6	3458052025942521|window_200	3458052025942521	rumor	1000	2012-06-17 23:35:14+08	window_200	200
7	3458738764029954|window_50	3458738764029954	rumor	1000	2012-06-19 21:04:01+08	window_50	50
8	3458738764029954|window_100	3458738764029954	rumor	1000	2012-06-19 21:04:01+08	window_100	100
9	3458738764029954|window_200	3458738764029954	rumor	1000	2012-06-19 21:04:01+08	window_200	200
10	3460120078103292|window_50	3460120078103292	rumor	1000	2012-06-23 16:32:55+08	window_50	50
11	3460120078103292|window_100	3460120078103292	rumor	1000	2012-06-23 16:32:55+08	window_100	100
12	3460120078103292|window_200	3460120078103292	rumor	1000	2012-06-23 16:32:55+08	window_200	200
13	3462269600134003|window_50	3462269600134003	rumor	1000	2012-06-29 14:54:21+08	window_50	50
14	3462269600134003|window_100	3462269600134003	rumor	1000	2012-06-29 14:54:21+08	window_100	100
15	3462269600134003|window_200	3462269600134003	rumor	1000	2012-06-29 14:54:21+08	window_200	200
16	3465261540071546|window_50	3465261540071546	rumor	1000	2012-07-07 21:03:15+08	window_50	50
17	3465261540071546|window_100	3465261540071546	rumor	1000	2012-07-07 21:03:15+08	window_100	100
18	3465261540071546|window_200	3465261540071546	rumor	1000	2012-07-07 21:03:15+08	window_200	200
19	3471040577916614|window_50	3471040577916614	rumor	1000	2012-07-23 19:47:05+08	window_50	50
20	3471040577916614|window_100	3471040577916614	rumor	1000	2012-07-23 19:47:05+08	window_100	100
21	3471040577916614|window_200	3471040577916614	rumor	1000	2012-07-23 19:47:05+08	window_200	200
22	3474993889611780|window_50	3474993889611780	rumor	1000	2012-08-03 17:36:06+08	window_50	50
23	3474993889611780|window_100	3474993889611780	rumor	1000	2012-08-03 17:36:06+08	window_100	100
24	3474993889611780|window_200	3474993889611780	rumor	1000	2012-08-03 17:36:06+08	window_200	200
25	3475302015075964|window_50	3475302015075964	rumor	1000	2012-08-04 14:00:31+08	window_50	50
26	3475302015075964|window_100	3475302015075964	rumor	1000	2012-08-04 14:00:31+08	window_100	100
27	3475302015075964|window_200	3475302015075964	rumor	1000	2012-08-04 14:00:31+08	window_200	200
28	3475420018566028|window_50	3475420018566028	rumor	1000	2012-08-04 21:49:25+08	window_50	50
29	3475420018566028|window_100	3475420018566028	rumor	1000	2012-08-04 21:49:25+08	window_100	100
30	3475420018566028|window_200	3475420018566028	rumor	1000	2012-08-04 21:49:25+08	window_200	200
31	3476014229176895|window_50	3476014229176895	rumor	1000	2012-08-06 13:10:36+08	window_50	50
32	3476014229176895|window_100	3476014229176895	rumor	1000	2012-08-06 13:10:36+08	window_100	100
33	3476014229176895|window_200	3476014229176895	rumor	1000	2012-08-06 13:10:36+08	window_200	200
34	3476366005708918|window_50	3476366005708918	rumor	1000	2012-08-07 12:28:26+08	window_50	50
35	3476366005708918|window_100	3476366005708918	rumor	1000	2012-08-07 12:28:26+08	window_100	100
36	3476366005708918|window_200	3476366005708918	rumor	1000	2012-08-07 12:28:26+08	window_200	200
37	3476433059938818|window_50	3476433059938818	rumor	1000	2012-08-07 16:54:53+08	window_50	50
38	3476433059938818|window_100	3476433059938818	rumor	1000	2012-08-07 16:54:53+08	window_100	100
39	3476433059938818|window_200	3476433059938818	rumor	1000	2012-08-07 16:54:53+08	window_200	200
40	3476496058745719|window_50	3476496058745719	rumor	1000	2012-08-07 21:05:13+08	window_50	50
41	3476496058745719|window_100	3476496058745719	rumor	1000	2012-08-07 21:05:13+08	window_100	100
42	3476496058745719|window_200	3476496058745719	rumor	1000	2012-08-07 21:05:13+08	window_200	200
43	3476559849884422|window_50	3476559849884422	rumor	1000	2012-08-08 01:18:42+08	window_50	50
44	3476559849884422|window_100	3476559849884422	rumor	1000	2012-08-08 01:18:42+08	window_100	100
45	3476559849884422|window_200	3476559849884422	rumor	1000	2012-08-08 01:18:42+08	window_200	200
46	3476724542925166|window_50	3476724542925166	rumor	1000	2012-08-08 12:13:08+08	window_50	50
47	3476724542925166|window_100	3476724542925166	rumor	1000	2012-08-08 12:13:08+08	window_100	100
48	3476724542925166|window_200	3476724542925166	rumor	1000	2012-08-08 12:13:08+08	window_200	200
49	3479635566472827|window_50	3479635566472827	rumor	1000	2012-08-16 13:00:30+08	window_50	50
50	3479635566472827|window_100	3479635566472827	rumor	1000	2012-08-16 13:00:30+08	window_100	100
51	3479635566472827|window_200	3479635566472827	rumor	1000	2012-08-16 13:00:30+08	window_200	200
52	3485463900094387|window_50	3485463900094387	rumor	1000	2012-09-01 15:00:10+08	window_50	50
53	3485463900094387|window_100	3485463900094387	rumor	1000	2012-09-01 15:00:10+08	window_100	100
54	3485463900094387|window_200	3485463900094387	rumor	1000	2012-09-01 15:00:10+08	window_200	200
55	3488713802136794|window_50	3488713802136794	rumor	1000	2012-09-10 14:14:09+08	window_50	50
56	3488713802136794|window_100	3488713802136794	rumor	1000	2012-09-10 14:14:09+08	window_100	100
57	3488713802136794|window_200	3488713802136794	rumor	1000	2012-09-10 14:14:09+08	window_200	200
58	3489101477126498|window_50	3489101477126498	rumor	1000	2012-09-11 15:54:39+08	window_50	50
59	3489101477126498|window_100	3489101477126498	rumor	1000	2012-09-11 15:54:39+08	window_100	100
60	3489101477126498|window_200	3489101477126498	rumor	1000	2012-09-11 15:54:39+08	window_200	200
61	3489105411393740|window_50	3489105411393740	rumor	1000	2012-09-11 16:10:17+08	window_50	50
62	3489105411393740|window_100	3489105411393740	rumor	1000	2012-09-11 16:10:17+08	window_100	100
63	3489105411393740|window_200	3489105411393740	rumor	1000	2012-09-11 16:10:17+08	window_200	200
64	3490292449965980|window_50	3490292449965980	rumor	1000	2012-09-14 22:47:09+08	window_50	50
65	3490292449965980|window_100	3490292449965980	rumor	1000	2012-09-14 22:47:09+08	window_100	100
66	3490292449965980|window_200	3490292449965980	rumor	1000	2012-09-14 22:47:09+08	window_200	200
67	3495585271593099|window_50	3495585271593099	rumor	1000	2012-09-29 13:18:56+08	window_50	50
68	3495585271593099|window_100	3495585271593099	rumor	1000	2012-09-29 13:18:56+08	window_100	100
69	3495585271593099|window_200	3495585271593099	rumor	1000	2012-09-29 13:18:56+08	window_200	200
70	3495729601661914|window_50	3495729601661914	rumor	1000	2012-09-29 22:52:28+08	window_50	50
71	3495729601661914|window_100	3495729601661914	rumor	1000	2012-09-29 22:52:28+08	window_100	100
72	3495729601661914|window_200	3495729601661914	rumor	1000	2012-09-29 22:52:28+08	window_200	200
73	3500214822383187|window_50	3500214822383187	rumor	1000	2012-10-12 07:55:07+08	window_50	50
74	3500214822383187|window_100	3500214822383187	rumor	1000	2012-10-12 07:55:07+08	window_100	100
75	3500214822383187|window_200	3500214822383187	rumor	1000	2012-10-12 07:55:07+08	window_200	200
76	3502018951541090|window_50	3502018951541090	rumor	1000	2012-10-17 07:24:06+08	window_50	50
77	3502018951541090|window_100	3502018951541090	rumor	1000	2012-10-17 07:24:06+08	window_100	100
78	3502018951541090|window_200	3502018951541090	rumor	1000	2012-10-17 07:24:06+08	window_200	200
79	3502823666515332|window_50	3502823666515332	rumor	1000	2012-10-19 12:41:44+08	window_50	50
80	3502823666515332|window_100	3502823666515332	rumor	1000	2012-10-19 12:41:44+08	window_100	100
81	3502823666515332|window_200	3502823666515332	rumor	1000	2012-10-19 12:41:44+08	window_200	200
82	3507900985440121|window_50	3507900985440121	rumor	1000	2012-11-02 12:57:11+08	window_50	50
83	3507900985440121|window_100	3507900985440121	rumor	1000	2012-11-02 12:57:11+08	window_100	100
84	3507900985440121|window_200	3507900985440121	rumor	1000	2012-11-02 12:57:11+08	window_200	200
85	3512376240679226|window_50	3512376240679226	rumor	1000	2012-11-14 21:20:15+08	window_50	50
86	3512376240679226|window_100	3512376240679226	rumor	1000	2012-11-14 21:20:15+08	window_100	100
87	3512376240679226|window_200	3512376240679226	rumor	1000	2012-11-14 21:20:15+08	window_200	200
88	3516051495056011|window_50	3516051495056011	rumor	1000	2012-11-25 00:44:24+08	window_50	50
89	3516051495056011|window_100	3516051495056011	rumor	1000	2012-11-25 00:44:24+08	window_100	100
90	3516051495056011|window_200	3516051495056011	rumor	1000	2012-11-25 00:44:24+08	window_200	200
91	3516538713809703|window_50	3516538713809703	rumor	1000	2012-11-26 09:00:26+08	window_50	50
92	3516538713809703|window_100	3516538713809703	rumor	1000	2012-11-26 09:00:26+08	window_100	100
93	3516538713809703|window_200	3516538713809703	rumor	1000	2012-11-26 09:00:26+08	window_200	200
94	3518396224240158|window_50	3518396224240158	rumor	1000	2012-12-01 12:01:31+08	window_50	50
95	3518396224240158|window_100	3518396224240158	rumor	1000	2012-12-01 12:01:31+08	window_100	100
96	3518396224240158|window_200	3518396224240158	rumor	1000	2012-12-01 12:01:31+08	window_200	200
97	3531095800442217|window_50	3531095800442217	rumor	1000	2013-01-05 13:05:06+08	window_50	50
98	3531095800442217|window_100	3531095800442217	rumor	1000	2013-01-05 13:05:06+08	window_100	100
99	3531095800442217|window_200	3531095800442217	rumor	1000	2013-01-05 13:05:06+08	window_200	200
100	3533613180118331|window_50	3533613180118331	rumor	1000	2013-01-12 11:48:16+08	window_50	50
101	3533613180118331|window_100	3533613180118331	rumor	1000	2013-01-12 11:48:16+08	window_100	100
102	3533613180118331|window_200	3533613180118331	rumor	1000	2013-01-12 11:48:16+08	window_200	200
103	3545568494205770|window_50	3545568494205770	rumor	1000	2013-02-14 11:34:25+08	window_50	50
104	3545568494205770|window_100	3545568494205770	rumor	1000	2013-02-14 11:34:25+08	window_100	100
105	3545568494205770|window_200	3545568494205770	rumor	1000	2013-02-14 11:34:25+08	window_200	200
106	3556259086805180|window_50	3556259086805180	rumor	1000	2013-03-15 23:35:01+08	window_50	50
107	3556259086805180|window_100	3556259086805180	rumor	1000	2013-03-15 23:35:01+08	window_100	100
108	3556259086805180|window_200	3556259086805180	rumor	1000	2013-03-15 23:35:01+08	window_200	200
109	3569089802496496|window_50	3569089802496496	rumor	1000	2013-04-20 09:19:41+08	window_50	50
110	3569089802496496|window_100	3569089802496496	rumor	1000	2013-04-20 09:19:41+08	window_100	100
111	3569089802496496|window_200	3569089802496496	rumor	1000	2013-04-20 09:19:41+08	window_200	200
112	3578285952739133|window_50	3578285952739133	rumor	1000	2013-05-15 18:21:55+08	window_50	50
113	3578285952739133|window_100	3578285952739133	rumor	1000	2013-05-15 18:21:55+08	window_100	100
114	3578285952739133|window_200	3578285952739133	rumor	1000	2013-05-15 18:21:55+08	window_200	200
115	3578943737262269|window_50	3578943737262269	rumor	1000	2013-05-17 13:55:41+08	window_50	50
116	3578943737262269|window_100	3578943737262269	rumor	1000	2013-05-17 13:55:41+08	window_100	100
117	3578943737262269|window_200	3578943737262269	rumor	1000	2013-05-17 13:55:41+08	window_200	200
118	3579991172564425|window_50	3579991172564425	rumor	1000	2013-05-20 11:17:50+08	window_50	50
119	3579991172564425|window_100	3579991172564425	rumor	1000	2013-05-20 11:17:50+08	window_100	100
120	3579991172564425|window_200	3579991172564425	rumor	1000	2013-05-20 11:17:50+08	window_200	200
121	3581099915891922|window_50	3581099915891922	rumor	1000	2013-05-23 12:43:36+08	window_50	50
122	3581099915891922|window_100	3581099915891922	rumor	1000	2013-05-23 12:43:36+08	window_100	100
123	3581099915891922|window_200	3581099915891922	rumor	1000	2013-05-23 12:43:36+08	window_200	200
124	3589033244483137|window_50	3589033244483137	rumor	1000	2013-06-14 10:07:49+08	window_50	50
125	3589033244483137|window_100	3589033244483137	rumor	1000	2013-06-14 10:07:49+08	window_100	100
126	3589033244483137|window_200	3589033244483137	rumor	1000	2013-06-14 10:07:49+08	window_200	200
127	3589746401954402|window_50	3589746401954402	rumor	1000	2013-06-16 09:21:39+08	window_50	50
128	3589746401954402|window_100	3589746401954402	rumor	1000	2013-06-16 09:21:39+08	window_100	100
129	3589746401954402|window_200	3589746401954402	rumor	1000	2013-06-16 09:21:39+08	window_200	200
130	3590501757933430|window_50	3590501757933430	rumor	1000	2013-06-18 11:23:09+08	window_50	50
131	3590501757933430|window_100	3590501757933430	rumor	1000	2013-06-18 11:23:09+08	window_100	100
132	3590501757933430|window_200	3590501757933430	rumor	1000	2013-06-18 11:23:09+08	window_200	200
133	3591041573416032|window_50	3591041573416032	rumor	1000	2013-06-19 23:08:12+08	window_50	50
134	3591041573416032|window_100	3591041573416032	rumor	1000	2013-06-19 23:08:12+08	window_100	100
135	3591041573416032|window_200	3591041573416032	rumor	1000	2013-06-19 23:08:12+08	window_200	200
136	3600314818916458|window_50	3600314818916458	rumor	1000	2013-07-15 13:16:45+08	window_50	50
137	3600314818916458|window_100	3600314818916458	rumor	1000	2013-07-15 13:16:45+08	window_100	100
138	3600314818916458|window_200	3600314818916458	rumor	1000	2013-07-15 13:16:45+08	window_200	200
139	3600427322813770|window_50	3600427322813770	rumor	1000	2013-07-15 20:43:49+08	window_50	50
140	3600427322813770|window_100	3600427322813770	rumor	1000	2013-07-15 20:43:49+08	window_100	100
141	3600427322813770|window_200	3600427322813770	rumor	1000	2013-07-15 20:43:49+08	window_200	200
142	3600619987870589|window_50	3600619987870589	rumor	1000	2013-07-16 09:29:23+08	window_50	50
143	3600619987870589|window_100	3600619987870589	rumor	1000	2013-07-16 09:29:23+08	window_100	100
144	3600619987870589|window_200	3600619987870589	rumor	1000	2013-07-16 09:29:23+08	window_200	200
145	3600819456685384|window_50	3600819456685384	rumor	1000	2013-07-16 22:42:01+08	window_50	50
146	3600819456685384|window_100	3600819456685384	rumor	1000	2013-07-16 22:42:01+08	window_100	100
147	3600819456685384|window_200	3600819456685384	rumor	1000	2013-07-16 22:42:01+08	window_200	200
148	3601471004353060|window_50	3601471004353060	rumor	1000	2013-07-18 17:51:00+08	window_50	50
149	3601471004353060|window_100	3601471004353060	rumor	1000	2013-07-18 17:51:00+08	window_100	100
150	3601471004353060|window_200	3601471004353060	rumor	1000	2013-07-18 17:51:00+08	window_200	200
151	3602859067013597|window_50	3602859067013597	rumor	1000	2013-07-22 13:46:42+08	window_50	50
152	3602859067013597|window_100	3602859067013597	rumor	1000	2013-07-22 13:46:42+08	window_100	100
153	3602859067013597|window_200	3602859067013597	rumor	1000	2013-07-22 13:46:42+08	window_200	200
154	3602987870342664|window_50	3602987870342664	rumor	1000	2013-07-22 22:18:32+08	window_50	50
155	3602987870342664|window_100	3602987870342664	rumor	1000	2013-07-22 22:18:32+08	window_100	100
156	3602987870342664|window_200	3602987870342664	rumor	1000	2013-07-22 22:18:32+08	window_200	200
157	3603595070896498|window_50	3603595070896498	rumor	1000	2013-07-24 14:31:18+08	window_50	50
158	3603595070896498|window_100	3603595070896498	rumor	1000	2013-07-24 14:31:18+08	window_100	100
159	3603595070896498|window_200	3603595070896498	rumor	1000	2013-07-24 14:31:18+08	window_200	200
160	3604430232223096|window_50	3604430232223096	rumor	1000	2013-07-26 21:50:00+08	window_50	50
161	3604430232223096|window_100	3604430232223096	rumor	1000	2013-07-26 21:50:00+08	window_100	100
162	3604430232223096|window_200	3604430232223096	rumor	1000	2013-07-26 21:50:00+08	window_200	200
163	3605007607659996|window_50	3605007607659996	rumor	1000	2013-07-28 12:04:13+08	window_50	50
164	3605007607659996|window_100	3605007607659996	rumor	1000	2013-07-28 12:04:13+08	window_100	100
165	3605007607659996|window_200	3605007607659996	rumor	1000	2013-07-28 12:04:13+08	window_200	200
166	3607837525670588|window_50	3607837525670588	rumor	1000	2013-08-05 07:29:19+08	window_50	50
167	3607837525670588|window_100	3607837525670588	rumor	1000	2013-08-05 07:29:19+08	window_100	100
168	3607837525670588|window_200	3607837525670588	rumor	1000	2013-08-05 07:29:19+08	window_200	200
169	3608201914099490|window_50	3608201914099490	rumor	1000	2013-08-06 07:37:16+08	window_50	50
170	3608201914099490|window_100	3608201914099490	rumor	1000	2013-08-06 07:37:16+08	window_100	100
171	3608201914099490|window_200	3608201914099490	rumor	1000	2013-08-06 07:37:16+08	window_200	200
172	3608356143065421|window_50	3608356143065421	rumor	1000	2013-08-06 17:50:07+08	window_50	50
173	3608356143065421|window_100	3608356143065421	rumor	1000	2013-08-06 17:50:07+08	window_100	100
174	3608356143065421|window_200	3608356143065421	rumor	1000	2013-08-06 17:50:07+08	window_200	200
175	3609963462799736|window_50	3609963462799736	rumor	1000	2013-08-11 04:17:01+08	window_50	50
176	3609963462799736|window_100	3609963462799736	rumor	1000	2013-08-11 04:17:01+08	window_100	100
177	3609963462799736|window_200	3609963462799736	rumor	1000	2013-08-11 04:17:01+08	window_200	200
178	3612293323705953|window_50	3612293323705953	rumor	1000	2013-08-17 14:35:03+08	window_50	50
179	3612293323705953|window_100	3612293323705953	rumor	1000	2013-08-17 14:35:03+08	window_100	100
180	3612293323705953|window_200	3612293323705953	rumor	1000	2013-08-17 14:35:03+08	window_200	200
181	3631473602937496|window_50	3631473602937496	rumor	1000	2013-10-09 12:50:39+08	window_50	50
182	3631473602937496|window_100	3631473602937496	rumor	1000	2013-10-09 12:50:39+08	window_100	100
183	3631473602937496|window_200	3631473602937496	rumor	1000	2013-10-09 12:50:39+08	window_200	200
184	3637228884723056|window_50	3637228884723056	rumor	1000	2013-10-25 10:00:05+08	window_50	50
185	3637228884723056|window_100	3637228884723056	rumor	1000	2013-10-25 10:00:05+08	window_100	100
186	3637228884723056|window_200	3637228884723056	rumor	1000	2013-10-25 10:00:05+08	window_200	200
187	3640534125561830|window_50	3640534125561830	rumor	1000	2013-11-03 12:53:56+08	window_50	50
188	3640534125561830|window_100	3640534125561830	rumor	1000	2013-11-03 12:53:56+08	window_100	100
189	3640534125561830|window_200	3640534125561830	rumor	1000	2013-11-03 12:53:56+08	window_200	200
190	3644236978724465|window_50	3644236978724465	rumor	1000	2013-11-13 18:07:44+08	window_50	50
191	3644236978724465|window_100	3644236978724465	rumor	1000	2013-11-13 18:07:44+08	window_100	100
192	3644236978724465|window_200	3644236978724465	rumor	1000	2013-11-13 18:07:44+08	window_200	200
193	3676871982475683|window_50	3676871982475683	rumor	1000	2014-02-11 19:27:36+08	window_50	50
194	3676871982475683|window_100	3676871982475683	rumor	1000	2014-02-11 19:27:36+08	window_100	100
195	3676871982475683|window_200	3676871982475683	rumor	1000	2014-02-11 19:27:36+08	window_200	200
196	3697068939625998|window_50	3697068939625998	rumor	1000	2014-04-08 13:03:06+08	window_50	50
197	3697068939625998|window_100	3697068939625998	rumor	1000	2014-04-08 13:03:06+08	window_100	100
198	3697068939625998|window_200	3697068939625998	rumor	1000	2014-04-08 13:03:06+08	window_200	200
199	3706578781468746|window_50	3706578781468746	rumor	1000	2014-05-04 18:51:49+08	window_50	50
200	3706578781468746|window_100	3706578781468746	rumor	1000	2014-05-04 18:51:49+08	window_100	100
201	3706578781468746|window_200	3706578781468746	rumor	1000	2014-05-04 18:51:49+08	window_200	200
202	3713749603114167|window_50	3713749603114167	rumor	1000	2014-05-24 13:46:06+08	window_50	50
203	3713749603114167|window_100	3713749603114167	rumor	1000	2014-05-24 13:46:06+08	window_100	100
204	3713749603114167|window_200	3713749603114167	rumor	1000	2014-05-24 13:46:06+08	window_200	200
205	3718781308519836|window_50	3718781308519836	rumor	1000	2014-06-07 11:00:18+08	window_50	50
206	3718781308519836|window_100	3718781308519836	rumor	1000	2014-06-07 11:00:18+08	window_100	100
207	3718781308519836|window_200	3718781308519836	rumor	1000	2014-06-07 11:00:18+08	window_200	200
208	3727785547403556|window_50	3727785547403556	rumor	1000	2014-07-02 07:19:55+08	window_50	50
209	3727785547403556|window_100	3727785547403556	rumor	1000	2014-07-02 07:19:55+08	window_100	100
210	3727785547403556|window_200	3727785547403556	rumor	1000	2014-07-02 07:19:55+08	window_200	200
211	3728332551849381|window_50	3728332551849381	rumor	1000	2014-07-03 19:33:32+08	window_50	50
212	3728332551849381|window_100	3728332551849381	rumor	1000	2014-07-03 19:33:32+08	window_100	100
213	3728332551849381|window_200	3728332551849381	rumor	1000	2014-07-03 19:33:32+08	window_200	200
214	3746789566140843|window_50	3746789566140843	rumor	1000	2014-08-23 17:55:07+08	window_50	50
215	3746789566140843|window_100	3746789566140843	rumor	1000	2014-08-23 17:55:07+08	window_100	100
216	3746789566140843|window_200	3746789566140843	rumor	1000	2014-08-23 17:55:07+08	window_200	200
217	3751952829283023|window_50	3751952829283023	rumor	1000	2014-09-06 23:52:05+08	window_50	50
218	3751952829283023|window_100	3751952829283023	rumor	1000	2014-09-06 23:52:05+08	window_100	100
219	3751952829283023|window_200	3751952829283023	rumor	1000	2014-09-06 23:52:05+08	window_200	200
220	3767457527022775|window_50	3767457527022775	rumor	1000	2014-10-19 18:42:13+08	window_50	50
221	3767457527022775|window_100	3767457527022775	rumor	1000	2014-10-19 18:42:13+08	window_100	100
222	3767457527022775|window_200	3767457527022775	rumor	1000	2014-10-19 18:42:13+08	window_200	200
223	3798219567530143|window_50	3798219567530143	rumor	1000	2015-01-12 15:59:35+08	window_50	50
224	3798219567530143|window_100	3798219567530143	rumor	1000	2015-01-12 15:59:35+08	window_100	100
225	3798219567530143|window_200	3798219567530143	rumor	1000	2015-01-12 15:59:35+08	window_200	200
226	3833115623893141|window_50	3833115623893141	rumor	1000	2015-04-18 23:04:03+08	window_50	50
227	3833115623893141|window_100	3833115623893141	rumor	1000	2015-04-18 23:04:03+08	window_100	100
228	3833115623893141|window_200	3833115623893141	rumor	1000	2015-04-18 23:04:03+08	window_200	200
229	3856620935493464|window_50	3856620935493464	rumor	1000	2015-06-22 19:45:46+08	window_50	50
230	3856620935493464|window_100	3856620935493464	rumor	1000	2015-06-22 19:45:46+08	window_100	100
231	3856620935493464|window_200	3856620935493464	rumor	1000	2015-06-22 19:45:46+08	window_200	200
232	3871482700567816|window_50	3871482700567816	rumor	1000	2015-08-02 20:01:07+08	window_50	50
233	3871482700567816|window_100	3871482700567816	rumor	1000	2015-08-02 20:01:07+08	window_100	100
234	3871482700567816|window_200	3871482700567816	rumor	1000	2015-08-02 20:01:07+08	window_200	200
235	3477395653052393|window_50	3477395653052393	rumor	999	2012-08-10 08:39:53+08	window_50	50
236	3477395653052393|window_100	3477395653052393	rumor	999	2012-08-10 08:39:53+08	window_100	100
237	3477395653052393|window_200	3477395653052393	rumor	999	2012-08-10 08:39:53+08	window_200	200
238	3513350363696034|window_50	3513350363696034	rumor	999	2012-11-17 13:51:04+08	window_50	50
239	3513350363696034|window_100	3513350363696034	rumor	999	2012-11-17 13:51:04+08	window_100	100
240	3513350363696034|window_200	3513350363696034	rumor	999	2012-11-17 13:51:04+08	window_200	200
241	3542723967098058|window_50	3542723967098058	rumor	999	2013-02-06 15:11:15+08	window_50	50
242	3542723967098058|window_100	3542723967098058	rumor	999	2013-02-06 15:11:15+08	window_100	100
243	3542723967098058|window_200	3542723967098058	rumor	999	2013-02-06 15:11:15+08	window_200	200
244	3571008193214580|window_50	3571008193214580	rumor	999	2013-04-25 16:22:41+08	window_50	50
245	3571008193214580|window_100	3571008193214580	rumor	999	2013-04-25 16:22:41+08	window_100	100
246	3571008193214580|window_200	3571008193214580	rumor	999	2013-04-25 16:22:41+08	window_200	200
247	3601522258604324|window_50	3601522258604324	rumor	999	2013-07-18 21:14:41+08	window_50	50
248	3601522258604324|window_100	3601522258604324	rumor	999	2013-07-18 21:14:41+08	window_100	100
249	3601522258604324|window_200	3601522258604324	rumor	999	2013-07-18 21:14:41+08	window_200	200
250	3671001906510580|window_50	3671001906510580	rumor	999	2014-01-26 14:42:01+08	window_50	50
251	3671001906510580|window_100	3671001906510580	rumor	999	2014-01-26 14:42:01+08	window_100	100
252	3671001906510580|window_200	3671001906510580	rumor	999	2014-01-26 14:42:01+08	window_200	200
253	3719120539024667|window_50	3719120539024667	rumor	999	2014-06-08 09:28:17+08	window_50	50
254	3719120539024667|window_100	3719120539024667	rumor	999	2014-06-08 09:28:17+08	window_100	100
255	3719120539024667|window_200	3719120539024667	rumor	999	2014-06-08 09:28:17+08	window_200	200
256	3491022178861871|window_50	3491022178861871	rumor	998	2012-09-16 23:06:51+08	window_50	50
257	3491022178861871|window_100	3491022178861871	rumor	998	2012-09-16 23:06:51+08	window_100	100
258	3491022178861871|window_200	3491022178861871	rumor	998	2012-09-16 23:06:51+08	window_200	200
259	3523166905046601|window_50	3523166905046601	rumor	998	2012-12-14 15:58:30+08	window_50	50
260	3523166905046601|window_100	3523166905046601	rumor	998	2012-12-14 15:58:30+08	window_100	100
261	3523166905046601|window_200	3523166905046601	rumor	998	2012-12-14 15:58:30+08	window_200	200
262	3816808547127588|window_50	3816808547127588	rumor	998	2015-03-04 23:05:33+08	window_50	50
263	3816808547127588|window_100	3816808547127588	rumor	998	2015-03-04 23:05:33+08	window_100	100
264	3816808547127588|window_200	3816808547127588	rumor	998	2015-03-04 23:05:33+08	window_200	200
265	3453724347000346|window_50	3453724347000346	rumor	997	2012-06-06 00:58:34+08	window_50	50
266	3453724347000346|window_100	3453724347000346	rumor	997	2012-06-06 00:58:34+08	window_100	100
267	3453724347000346|window_200	3453724347000346	rumor	997	2012-06-06 00:58:34+08	window_200	200
268	3475731117821179|window_50	3475731117821179	rumor	997	2012-08-05 18:25:38+08	window_50	50
269	3475731117821179|window_100	3475731117821179	rumor	997	2012-08-05 18:25:38+08	window_100	100
270	3475731117821179|window_200	3475731117821179	rumor	997	2012-08-05 18:25:38+08	window_200	200
271	3478614278383900|window_50	3478614278383900	rumor	997	2012-08-13 17:22:16+08	window_50	50
272	3478614278383900|window_100	3478614278383900	rumor	997	2012-08-13 17:22:16+08	window_100	100
273	3478614278383900|window_200	3478614278383900	rumor	997	2012-08-13 17:22:16+08	window_200	200
274	3647869644610693|window_50	3647869644610693	rumor	997	2013-11-23 18:42:40+08	window_50	50
275	3647869644610693|window_100	3647869644610693	rumor	997	2013-11-23 18:42:40+08	window_100	100
276	3647869644610693|window_200	3647869644610693	rumor	997	2013-11-23 18:42:40+08	window_200	200
277	3474944569045473|window_50	3474944569045473	rumor	995	2012-08-03 14:20:09+08	window_50	50
278	3474944569045473|window_100	3474944569045473	rumor	995	2012-08-03 14:20:09+08	window_100	100
279	3474944569045473|window_200	3474944569045473	rumor	995	2012-08-03 14:20:09+08	window_200	200
280	3521597266900397|window_50	3521597266900397	rumor	994	2012-12-10 08:01:19+08	window_50	50
281	3521597266900397|window_100	3521597266900397	rumor	994	2012-12-10 08:01:19+08	window_100	100
282	3521597266900397|window_200	3521597266900397	rumor	994	2012-12-10 08:01:19+08	window_200	200
283	3567705989056922|window_50	3567705989056922	rumor	994	2013-04-16 13:40:55+08	window_50	50
284	3567705989056922|window_100	3567705989056922	rumor	994	2013-04-16 13:40:55+08	window_100	100
285	3567705989056922|window_200	3567705989056922	rumor	994	2013-04-16 13:40:55+08	window_200	200
286	3567801539097700|window_50	3567801539097700	rumor	993	2013-04-16 20:00:35+08	window_50	50
287	3567801539097700|window_100	3567801539097700	rumor	993	2013-04-16 20:00:35+08	window_100	100
288	3567801539097700|window_200	3567801539097700	rumor	993	2013-04-16 20:00:35+08	window_200	200
289	3461472963536204|window_50	3461472963536204	rumor	991	2012-06-27 10:08:48+08	window_50	50
290	3461472963536204|window_100	3461472963536204	rumor	991	2012-06-27 10:08:48+08	window_100	100
291	3461472963536204|window_200	3461472963536204	rumor	991	2012-06-27 10:08:48+08	window_200	200
292	3601549630396186|window_50	3601549630396186	rumor	991	2013-07-18 23:03:29+08	window_50	50
293	3601549630396186|window_100	3601549630396186	rumor	991	2013-07-18 23:03:29+08	window_100	100
294	3601549630396186|window_200	3601549630396186	rumor	991	2013-07-18 23:03:29+08	window_200	200
295	3478258433847667|window_50	3478258433847667	rumor	990	2012-08-12 17:48:14+08	window_50	50
296	3478258433847667|window_100	3478258433847667	rumor	990	2012-08-12 17:48:14+08	window_100	100
297	3478258433847667|window_200	3478258433847667	rumor	990	2012-08-12 17:48:14+08	window_200	200
298	3512941028164269|window_50	3512941028164269	rumor	990	2012-11-16 10:44:30+08	window_50	50
299	3512941028164269|window_100	3512941028164269	rumor	990	2012-11-16 10:44:30+08	window_100	100
300	3512941028164269|window_200	3512941028164269	rumor	990	2012-11-16 10:44:30+08	window_200	200
301	3773641642622642|window_50	3773641642622642	non_rumor	1000	2014-11-05 20:15:41+08	window_50	50
302	3773641642622642|window_100	3773641642622642	non_rumor	1000	2014-11-05 20:15:41+08	window_100	100
303	3773641642622642|window_200	3773641642622642	non_rumor	1000	2014-11-05 20:15:41+08	window_200	200
304	3777481372829776|window_50	3777481372829776	non_rumor	1000	2014-11-16 10:33:24+08	window_50	50
305	3777481372829776|window_100	3777481372829776	non_rumor	1000	2014-11-16 10:33:24+08	window_100	100
306	3777481372829776|window_200	3777481372829776	non_rumor	1000	2014-11-16 10:33:24+08	window_200	200
307	3791017318753751|window_50	3791017318753751	non_rumor	1000	2014-12-23 19:00:25+08	window_50	50
308	3791017318753751|window_100	3791017318753751	non_rumor	1000	2014-12-23 19:00:25+08	window_100	100
309	3791017318753751|window_200	3791017318753751	non_rumor	1000	2014-12-23 19:00:25+08	window_200	200
310	3824571763243946|window_50	3824571763243946	non_rumor	1000	2015-03-26 09:13:48+08	window_50	50
311	3824571763243946|window_100	3824571763243946	non_rumor	1000	2015-03-26 09:13:48+08	window_100	100
312	3824571763243946|window_200	3824571763243946	non_rumor	1000	2015-03-26 09:13:48+08	window_200	200
313	3828020387246763|window_50	3828020387246763	non_rumor	1000	2015-04-04 21:37:24+08	window_50	50
314	3828020387246763|window_100	3828020387246763	non_rumor	1000	2015-04-04 21:37:24+08	window_100	100
315	3828020387246763|window_200	3828020387246763	non_rumor	1000	2015-04-04 21:37:24+08	window_200	200
316	3829766131770786|window_50	3829766131770786	non_rumor	1000	2015-04-09 17:14:22+08	window_50	50
317	3829766131770786|window_100	3829766131770786	non_rumor	1000	2015-04-09 17:14:22+08	window_100	100
318	3829766131770786|window_200	3829766131770786	non_rumor	1000	2015-04-09 17:14:22+08	window_200	200
319	3842868551042256|window_50	3842868551042256	non_rumor	1000	2015-05-15 20:58:41+08	window_50	50
320	3842868551042256|window_100	3842868551042256	non_rumor	1000	2015-05-15 20:58:41+08	window_100	100
321	3842868551042256|window_200	3842868551042256	non_rumor	1000	2015-05-15 20:58:41+08	window_200	200
322	3849220744003441|window_50	3849220744003441	non_rumor	1000	2015-06-02 09:40:03+08	window_50	50
323	3849220744003441|window_100	3849220744003441	non_rumor	1000	2015-06-02 09:40:03+08	window_100	100
324	3849220744003441|window_200	3849220744003441	non_rumor	1000	2015-06-02 09:40:03+08	window_200	200
325	3852555539148875|window_50	3852555539148875	non_rumor	1000	2015-06-11 14:31:20+08	window_50	50
326	3852555539148875|window_100	3852555539148875	non_rumor	1000	2015-06-11 14:31:20+08	window_100	100
327	3852555539148875|window_200	3852555539148875	non_rumor	1000	2015-06-11 14:31:20+08	window_200	200
328	3869494512972067|window_50	3869494512972067	non_rumor	1000	2015-07-28 08:20:46+08	window_50	50
329	3869494512972067|window_100	3869494512972067	non_rumor	1000	2015-07-28 08:20:46+08	window_100	100
330	3869494512972067|window_200	3869494512972067	non_rumor	1000	2015-07-28 08:20:46+08	window_200	200
331	3869571414619146|window_50	3869571414619146	non_rumor	1000	2015-07-28 13:26:21+08	window_50	50
332	3869571414619146|window_100	3869571414619146	non_rumor	1000	2015-07-28 13:26:21+08	window_100	100
333	3869571414619146|window_200	3869571414619146	non_rumor	1000	2015-07-28 13:26:21+08	window_200	200
334	3874937393282932|window_50	3874937393282932	non_rumor	1000	2015-08-12 08:48:50+08	window_50	50
335	3874937393282932|window_100	3874937393282932	non_rumor	1000	2015-08-12 08:48:50+08	window_100	100
336	3874937393282932|window_200	3874937393282932	non_rumor	1000	2015-08-12 08:48:50+08	window_200	200
337	3875192939822645|window_50	3875192939822645	non_rumor	1000	2015-08-13 01:44:16+08	window_50	50
338	3875192939822645|window_100	3875192939822645	non_rumor	1000	2015-08-13 01:44:16+08	window_100	100
339	3875192939822645|window_200	3875192939822645	non_rumor	1000	2015-08-13 01:44:16+08	window_200	200
340	3878322755333836|window_50	3878322755333836	non_rumor	1000	2015-08-21 17:01:03+08	window_50	50
341	3878322755333836|window_100	3878322755333836	non_rumor	1000	2015-08-21 17:01:03+08	window_100	100
342	3878322755333836|window_200	3878322755333836	non_rumor	1000	2015-08-21 17:01:03+08	window_200	200
343	3878382909796877|window_50	3878382909796877	non_rumor	1000	2015-08-21 21:00:05+08	window_50	50
344	3878382909796877|window_100	3878382909796877	non_rumor	1000	2015-08-21 21:00:05+08	window_100	100
345	3878382909796877|window_200	3878382909796877	non_rumor	1000	2015-08-21 21:00:05+08	window_200	200
346	3878733280422501|window_50	3878733280422501	non_rumor	1000	2015-08-22 20:12:20+08	window_50	50
347	3878733280422501|window_100	3878733280422501	non_rumor	1000	2015-08-22 20:12:20+08	window_100	100
348	3878733280422501|window_200	3878733280422501	non_rumor	1000	2015-08-22 20:12:20+08	window_200	200
349	3878898070650018|window_50	3878898070650018	non_rumor	1000	2015-08-23 07:07:08+08	window_50	50
350	3878898070650018|window_100	3878898070650018	non_rumor	1000	2015-08-23 07:07:08+08	window_100	100
351	3878898070650018|window_200	3878898070650018	non_rumor	1000	2015-08-23 07:07:08+08	window_200	200
352	3879606463394693|window_50	3879606463394693	non_rumor	1000	2015-08-25 06:02:03+08	window_50	50
353	3879606463394693|window_100	3879606463394693	non_rumor	1000	2015-08-25 06:02:03+08	window_100	100
354	3879606463394693|window_200	3879606463394693	non_rumor	1000	2015-08-25 06:02:03+08	window_200	200
355	3879983740905617|window_50	3879983740905617	non_rumor	1000	2015-08-26 07:01:13+08	window_50	50
356	3879983740905617|window_100	3879983740905617	non_rumor	1000	2015-08-26 07:01:13+08	window_100	100
357	3879983740905617|window_200	3879983740905617	non_rumor	1000	2015-08-26 07:01:13+08	window_200	200
358	3880164737740673|window_50	3880164737740673	non_rumor	1000	2015-08-26 19:00:26+08	window_50	50
359	3880164737740673|window_100	3880164737740673	non_rumor	1000	2015-08-26 19:00:26+08	window_100	100
360	3880164737740673|window_200	3880164737740673	non_rumor	1000	2015-08-26 19:00:26+08	window_200	200
361	3880859729690378|window_50	3880859729690378	non_rumor	1000	2015-08-28 17:02:05+08	window_50	50
362	3880859729690378|window_100	3880859729690378	non_rumor	1000	2015-08-28 17:02:05+08	window_100	100
363	3880859729690378|window_200	3880859729690378	non_rumor	1000	2015-08-28 17:02:05+08	window_200	200
364	3881070862960495|window_50	3881070862960495	non_rumor	1000	2015-08-29 07:01:03+08	window_50	50
365	3881070862960495|window_100	3881070862960495	non_rumor	1000	2015-08-29 07:01:03+08	window_100	100
366	3881070862960495|window_200	3881070862960495	non_rumor	1000	2015-08-29 07:01:03+08	window_200	200
367	3881242560451402|window_50	3881242560451402	non_rumor	1000	2015-08-29 18:23:18+08	window_50	50
368	3881242560451402|window_100	3881242560451402	non_rumor	1000	2015-08-29 18:23:18+08	window_100	100
369	3881242560451402|window_200	3881242560451402	non_rumor	1000	2015-08-29 18:23:18+08	window_200	200
370	3881433250183616|window_50	3881433250183616	non_rumor	1000	2015-08-30 07:01:03+08	window_50	50
371	3881433250183616|window_100	3881433250183616	non_rumor	1000	2015-08-30 07:01:03+08	window_100	100
372	3881433250183616|window_200	3881433250183616	non_rumor	1000	2015-08-30 07:01:03+08	window_200	200
373	3881795638873396|window_50	3881795638873396	non_rumor	1000	2015-08-31 07:01:03+08	window_50	50
374	3881795638873396|window_100	3881795638873396	non_rumor	1000	2015-08-31 07:01:03+08	window_100	100
375	3881795638873396|window_200	3881795638873396	non_rumor	1000	2015-08-31 07:01:03+08	window_200	200
376	3882250468458441|window_50	3882250468458441	non_rumor	1000	2015-09-01 13:08:23+08	window_50	50
377	3882250468458441|window_100	3882250468458441	non_rumor	1000	2015-09-01 13:08:23+08	window_100	100
378	3882250468458441|window_200	3882250468458441	non_rumor	1000	2015-09-01 13:08:23+08	window_200	200
379	3882868616548469|window_50	3882868616548469	non_rumor	1000	2015-09-03 06:04:41+08	window_50	50
380	3882868616548469|window_100	3882868616548469	non_rumor	1000	2015-09-03 06:04:41+08	window_100	100
381	3882868616548469|window_200	3882868616548469	non_rumor	1000	2015-09-03 06:04:41+08	window_200	200
382	3882897901692270|window_50	3882897901692270	non_rumor	1000	2015-09-03 08:01:03+08	window_50	50
383	3882897901692270|window_100	3882897901692270	non_rumor	1000	2015-09-03 08:01:03+08	window_100	100
384	3882897901692270|window_200	3882897901692270	non_rumor	1000	2015-09-03 08:01:03+08	window_200	200
385	3883233576332219|window_50	3883233576332219	non_rumor	1000	2015-09-04 06:14:54+08	window_50	50
386	3883233576332219|window_100	3883233576332219	non_rumor	1000	2015-09-04 06:14:54+08	window_100	100
387	3883233576332219|window_200	3883233576332219	non_rumor	1000	2015-09-04 06:14:54+08	window_200	200
388	3883415373437049|window_50	3883415373437049	non_rumor	1000	2015-09-04 18:17:18+08	window_50	50
389	3883415373437049|window_100	3883415373437049	non_rumor	1000	2015-09-04 18:17:18+08	window_100	100
390	3883415373437049|window_200	3883415373437049	non_rumor	1000	2015-09-04 18:17:18+08	window_200	200
391	3883426383839403|window_50	3883426383839403	non_rumor	1000	2015-09-04 19:01:03+08	window_50	50
392	3883426383839403|window_100	3883426383839403	non_rumor	1000	2015-09-04 19:01:03+08	window_100	100
393	3883426383839403|window_200	3883426383839403	non_rumor	1000	2015-09-04 19:01:03+08	window_200	200
394	3883611445141737|window_50	3883611445141737	non_rumor	1000	2015-09-05 07:16:25+08	window_50	50
395	3883611445141737|window_100	3883611445141737	non_rumor	1000	2015-09-05 07:16:25+08	window_100	100
396	3883611445141737|window_200	3883611445141737	non_rumor	1000	2015-09-05 07:16:25+08	window_200	200
397	3883956342278128|window_50	3883956342278128	non_rumor	1000	2015-09-06 06:06:55+08	window_50	50
398	3883956342278128|window_100	3883956342278128	non_rumor	1000	2015-09-06 06:06:55+08	window_100	100
399	3883956342278128|window_200	3883956342278128	non_rumor	1000	2015-09-06 06:06:55+08	window_200	200
400	3884000994778602|window_50	3884000994778602	non_rumor	1000	2015-09-06 09:04:20+08	window_50	50
401	3884000994778602|window_100	3884000994778602	non_rumor	1000	2015-09-06 09:04:20+08	window_100	100
402	3884000994778602|window_200	3884000994778602	non_rumor	1000	2015-09-06 09:04:20+08	window_200	200
403	3884015130025137|window_50	3884015130025137	non_rumor	1000	2015-09-06 10:00:30+08	window_50	50
404	3884015130025137|window_100	3884015130025137	non_rumor	1000	2015-09-06 10:00:30+08	window_100	100
405	3884015130025137|window_200	3884015130025137	non_rumor	1000	2015-09-06 10:00:30+08	window_200	200
406	3884860895007395|window_50	3884860895007395	non_rumor	1000	2015-09-08 18:01:17+08	window_50	50
407	3884860895007395|window_100	3884860895007395	non_rumor	1000	2015-09-08 18:01:17+08	window_100	100
408	3884860895007395|window_200	3884860895007395	non_rumor	1000	2015-09-08 18:01:17+08	window_200	200
409	3885407551245629|window_50	3885407551245629	non_rumor	1000	2015-09-10 06:13:30+08	window_50	50
410	3885407551245629|window_100	3885407551245629	non_rumor	1000	2015-09-10 06:13:30+08	window_100	100
411	3885407551245629|window_200	3885407551245629	non_rumor	1000	2015-09-10 06:13:30+08	window_200	200
412	3885408745874436|window_50	3885408745874436	non_rumor	1000	2015-09-10 06:18:15+08	window_50	50
413	3885408745874436|window_100	3885408745874436	non_rumor	1000	2015-09-10 06:18:15+08	window_100	100
414	3885408745874436|window_200	3885408745874436	non_rumor	1000	2015-09-10 06:18:15+08	window_200	200
415	3885545908502238|window_50	3885545908502238	non_rumor	1000	2015-09-10 15:23:17+08	window_50	50
416	3885545908502238|window_100	3885545908502238	non_rumor	1000	2015-09-10 15:23:17+08	window_100	100
417	3885545908502238|window_200	3885545908502238	non_rumor	1000	2015-09-10 15:23:17+08	window_200	200
418	3885617459222474|window_50	3885617459222474	non_rumor	1000	2015-09-10 20:07:35+08	window_50	50
419	3885617459222474|window_100	3885617459222474	non_rumor	1000	2015-09-10 20:07:35+08	window_100	100
420	3885617459222474|window_200	3885617459222474	non_rumor	1000	2015-09-10 20:07:35+08	window_200	200
421	3885827300336091|window_50	3885827300336091	non_rumor	1000	2015-09-11 10:01:26+08	window_50	50
422	3885827300336091|window_100	3885827300336091	non_rumor	1000	2015-09-11 10:01:26+08	window_100	100
423	3885827300336091|window_200	3885827300336091	non_rumor	1000	2015-09-11 10:01:26+08	window_200	200
424	3887306799030663|window_50	3887306799030663	non_rumor	1000	2015-09-15 12:00:26+08	window_50	50
425	3887306799030663|window_100	3887306799030663	non_rumor	1000	2015-09-15 12:00:26+08	window_100	100
426	3887306799030663|window_200	3887306799030663	non_rumor	1000	2015-09-15 12:00:26+08	window_200	200
427	3888435422937905|window_50	3888435422937905	non_rumor	1000	2015-09-18 14:45:11+08	window_50	50
428	3888435422937905|window_100	3888435422937905	non_rumor	1000	2015-09-18 14:45:11+08	window_100	100
429	3888435422937905|window_200	3888435422937905	non_rumor	1000	2015-09-18 14:45:11+08	window_200	200
430	3888681007462578|window_50	3888681007462578	non_rumor	1000	2015-09-19 07:01:03+08	window_50	50
431	3888681007462578|window_100	3888681007462578	non_rumor	1000	2015-09-19 07:01:03+08	window_100	100
432	3888681007462578|window_200	3888681007462578	non_rumor	1000	2015-09-19 07:01:03+08	window_200	200
433	3888696459600268|window_50	3888696459600268	non_rumor	1000	2015-09-19 08:02:27+08	window_50	50
434	3888696459600268|window_100	3888696459600268	non_rumor	1000	2015-09-19 08:02:27+08	window_100	100
435	3888696459600268|window_200	3888696459600268	non_rumor	1000	2015-09-19 08:02:27+08	window_200	200
436	3889043396214602|window_50	3889043396214602	non_rumor	1000	2015-09-20 07:01:03+08	window_50	50
437	3889043396214602|window_100	3889043396214602	non_rumor	1000	2015-09-20 07:01:03+08	window_100	100
438	3889043396214602|window_200	3889043396214602	non_rumor	1000	2015-09-20 07:01:03+08	window_200	200
439	3889043400028551|window_50	3889043400028551	non_rumor	1000	2015-09-20 07:01:04+08	window_50	50
440	3889043400028551|window_100	3889043400028551	non_rumor	1000	2015-09-20 07:01:04+08	window_100	100
441	3889043400028551|window_200	3889043400028551	non_rumor	1000	2015-09-20 07:01:04+08	window_200	200
442	3889544095463150|window_50	3889544095463150	non_rumor	1000	2015-09-21 16:10:39+08	window_50	50
443	3889544095463150|window_100	3889544095463150	non_rumor	1000	2015-09-21 16:10:39+08	window_100	100
444	3889544095463150|window_200	3889544095463150	non_rumor	1000	2015-09-21 16:10:39+08	window_200	200
445	3889828594848255|window_50	3889828594848255	non_rumor	1000	2015-09-22 11:01:09+08	window_50	50
446	3889828594848255|window_100	3889828594848255	non_rumor	1000	2015-09-22 11:01:09+08	window_100	100
447	3889828594848255|window_200	3889828594848255	non_rumor	1000	2015-09-22 11:01:09+08	window_200	200
448	3889830565991261|window_50	3889830565991261	non_rumor	1000	2015-09-22 11:08:59+08	window_50	50
449	3889830565991261|window_100	3889830565991261	non_rumor	1000	2015-09-22 11:08:59+08	window_100	100
450	3889830565991261|window_200	3889830565991261	non_rumor	1000	2015-09-22 11:08:59+08	window_200	200
451	3890492993952441|window_50	3890492993952441	non_rumor	1000	2015-09-24 07:01:13+08	window_50	50
452	3890492993952441|window_100	3890492993952441	non_rumor	1000	2015-09-24 07:01:13+08	window_100	100
453	3890492993952441|window_200	3890492993952441	non_rumor	1000	2015-09-24 07:01:13+08	window_200	200
454	3890508428054620|window_50	3890508428054620	non_rumor	1000	2015-09-24 08:02:33+08	window_50	50
455	3890508428054620|window_100	3890508428054620	non_rumor	1000	2015-09-24 08:02:33+08	window_100	100
456	3890508428054620|window_200	3890508428054620	non_rumor	1000	2015-09-24 08:02:33+08	window_200	200
457	3890704420421419|window_50	3890704420421419	non_rumor	1000	2015-09-24 21:01:22+08	window_50	50
458	3890704420421419|window_100	3890704420421419	non_rumor	1000	2015-09-24 21:01:22+08	window_100	100
459	3890704420421419|window_200	3890704420421419	non_rumor	1000	2015-09-24 21:01:22+08	window_200	200
460	3890704524650893|window_50	3890704524650893	non_rumor	1000	2015-09-24 21:01:47+08	window_50	50
461	3890704524650893|window_100	3890704524650893	non_rumor	1000	2015-09-24 21:01:47+08	window_100	100
462	3890704524650893|window_200	3890704524650893	non_rumor	1000	2015-09-24 21:01:47+08	window_200	200
463	3891068665559549|window_50	3891068665559549	non_rumor	1000	2015-09-25 21:08:45+08	window_50	50
464	3891068665559549|window_100	3891068665559549	non_rumor	1000	2015-09-25 21:08:45+08	window_100	100
465	3891068665559549|window_200	3891068665559549	non_rumor	1000	2015-09-25 21:08:45+08	window_200	200
466	3891398929313038|window_50	3891398929313038	non_rumor	1000	2015-09-26 19:01:06+08	window_50	50
467	3891398929313038|window_100	3891398929313038	non_rumor	1000	2015-09-26 19:01:06+08	window_100	100
468	3891398929313038|window_200	3891398929313038	non_rumor	1000	2015-09-26 19:01:06+08	window_200	200
469	3892335123453008|window_50	3892335123453008	non_rumor	1000	2015-09-29 09:01:12+08	window_50	50
470	3892335123453008|window_100	3892335123453008	non_rumor	1000	2015-09-29 09:01:12+08	window_100	100
471	3892335123453008|window_200	3892335123453008	non_rumor	1000	2015-09-29 09:01:12+08	window_200	200
472	3892712623617463|window_50	3892712623617463	non_rumor	1000	2015-09-30 10:01:15+08	window_50	50
473	3892712623617463|window_100	3892712623617463	non_rumor	1000	2015-09-30 10:01:15+08	window_100	100
474	3892712623617463|window_200	3892712623617463	non_rumor	1000	2015-09-30 10:01:15+08	window_200	200
475	3894509886553162|window_50	3894509886553162	non_rumor	1000	2015-10-05 09:02:56+08	window_50	50
476	3894509886553162|window_100	3894509886553162	non_rumor	1000	2015-10-05 09:02:56+08	window_100	100
477	3894509886553162|window_200	3894509886553162	non_rumor	1000	2015-10-05 09:02:56+08	window_200	200
478	3894549589915035|window_50	3894549589915035	non_rumor	1000	2015-10-05 11:40:42+08	window_50	50
479	3894549589915035|window_100	3894549589915035	non_rumor	1000	2015-10-05 11:40:42+08	window_100	100
480	3894549589915035|window_200	3894549589915035	non_rumor	1000	2015-10-05 11:40:42+08	window_200	200
481	3894844407519702|window_50	3894844407519702	non_rumor	1000	2015-10-06 07:12:12+08	window_50	50
482	3894844407519702|window_100	3894844407519702	non_rumor	1000	2015-10-06 07:12:12+08	window_100	100
483	3894844407519702|window_200	3894844407519702	non_rumor	1000	2015-10-06 07:12:12+08	window_200	200
484	3894856701627636|window_50	3894856701627636	non_rumor	1000	2015-10-06 08:01:02+08	window_50	50
485	3894856701627636|window_100	3894856701627636	non_rumor	1000	2015-10-06 08:01:02+08	window_100	100
486	3894856701627636|window_200	3894856701627636	non_rumor	1000	2015-10-06 08:01:02+08	window_200	200
487	3894962146470481|window_50	3894962146470481	non_rumor	1000	2015-10-06 15:00:03+08	window_50	50
488	3894962146470481|window_100	3894962146470481	non_rumor	1000	2015-10-06 15:00:03+08	window_100	100
489	3894962146470481|window_200	3894962146470481	non_rumor	1000	2015-10-06 15:00:03+08	window_200	200
490	3895034959442943|window_50	3895034959442943	non_rumor	1000	2015-10-06 19:49:23+08	window_50	50
491	3895034959442943|window_100	3895034959442943	non_rumor	1000	2015-10-06 19:49:23+08	window_100	100
492	3895034959442943|window_200	3895034959442943	non_rumor	1000	2015-10-06 19:49:23+08	window_200	200
493	3896034831285895|window_50	3896034831285895	non_rumor	1000	2015-10-09 14:02:30+08	window_50	50
494	3896034831285895|window_100	3896034831285895	non_rumor	1000	2015-10-09 14:02:30+08	window_100	100
495	3896034831285895|window_200	3896034831285895	non_rumor	1000	2015-10-09 14:02:30+08	window_200	200
496	3900641820780465|window_50	3900641820780465	non_rumor	1000	2015-10-22 07:09:03+08	window_50	50
497	3900641820780465|window_100	3900641820780465	non_rumor	1000	2015-10-22 07:09:03+08	window_100	100
498	3900641820780465|window_200	3900641820780465	non_rumor	1000	2015-10-22 07:09:03+08	window_200	200
499	3902488795290063|window_50	3902488795290063	non_rumor	1000	2015-10-27 09:28:16+08	window_50	50
500	3902488795290063|window_100	3902488795290063	non_rumor	1000	2015-10-27 09:28:16+08	window_100	100
501	3902488795290063|window_200	3902488795290063	non_rumor	1000	2015-10-27 09:28:16+08	window_200	200
502	3906136757051488|window_50	3906136757051488	non_rumor	1000	2015-11-06 11:03:57+08	window_50	50
503	3906136757051488|window_100	3906136757051488	non_rumor	1000	2015-11-06 11:03:57+08	window_100	100
504	3906136757051488|window_200	3906136757051488	non_rumor	1000	2015-11-06 11:03:57+08	window_200	200
505	3906158693319838|window_50	3906158693319838	non_rumor	1000	2015-11-06 12:31:08+08	window_50	50
506	3906158693319838|window_100	3906158693319838	non_rumor	1000	2015-11-06 12:31:08+08	window_100	100
507	3906158693319838|window_200	3906158693319838	non_rumor	1000	2015-11-06 12:31:08+08	window_200	200
508	3908983586767533|window_50	3908983586767533	non_rumor	1000	2015-11-14 07:36:14+08	window_50	50
509	3908983586767533|window_100	3908983586767533	non_rumor	1000	2015-11-14 07:36:14+08	window_100	100
510	3908983586767533|window_200	3908983586767533	non_rumor	1000	2015-11-14 07:36:14+08	window_200	200
511	3909896048779731|window_50	3909896048779731	non_rumor	1000	2015-11-16 20:02:03+08	window_50	50
512	3909896048779731|window_100	3909896048779731	non_rumor	1000	2015-11-16 20:02:03+08	window_100	100
513	3909896048779731|window_200	3909896048779731	non_rumor	1000	2015-11-16 20:02:03+08	window_200	200
514	3910488679557072|window_50	3910488679557072	non_rumor	1000	2015-11-18 11:16:57+08	window_50	50
515	3910488679557072|window_100	3910488679557072	non_rumor	1000	2015-11-18 11:16:57+08	window_100	100
516	3910488679557072|window_200	3910488679557072	non_rumor	1000	2015-11-18 11:16:57+08	window_200	200
517	3911984309629003|window_50	3911984309629003	non_rumor	1000	2015-11-22 14:20:03+08	window_50	50
518	3911984309629003|window_100	3911984309629003	non_rumor	1000	2015-11-22 14:20:03+08	window_100	100
519	3911984309629003|window_200	3911984309629003	non_rumor	1000	2015-11-22 14:20:03+08	window_200	200
520	3912372126824744|window_50	3912372126824744	non_rumor	1000	2015-11-23 16:01:06+08	window_50	50
521	3912372126824744|window_100	3912372126824744	non_rumor	1000	2015-11-23 16:01:06+08	window_100	100
522	3912372126824744|window_200	3912372126824744	non_rumor	1000	2015-11-23 16:01:06+08	window_200	200
523	3912833509412304|window_50	3912833509412304	non_rumor	1000	2015-11-24 22:34:28+08	window_50	50
524	3912833509412304|window_100	3912833509412304	non_rumor	1000	2015-11-24 22:34:28+08	window_100	100
525	3912833509412304|window_200	3912833509412304	non_rumor	1000	2015-11-24 22:34:28+08	window_200	200
526	3915882411509394|window_50	3915882411509394	non_rumor	1000	2015-12-03 08:29:43+08	window_50	50
527	3915882411509394|window_100	3915882411509394	non_rumor	1000	2015-12-03 08:29:43+08	window_100	100
528	3915882411509394|window_200	3915882411509394	non_rumor	1000	2015-12-03 08:29:43+08	window_200	200
529	3915973100663869|window_50	3915973100663869	non_rumor	1000	2015-12-03 14:30:05+08	window_50	50
530	3915973100663869|window_100	3915973100663869	non_rumor	1000	2015-12-03 14:30:05+08	window_100	100
531	3915973100663869|window_200	3915973100663869	non_rumor	1000	2015-12-03 14:30:05+08	window_200	200
532	3916794454250432|window_50	3916794454250432	non_rumor	1000	2015-12-05 20:53:51+08	window_50	50
533	3916794454250432|window_100	3916794454250432	non_rumor	1000	2015-12-05 20:53:51+08	window_100	100
534	3916794454250432|window_200	3916794454250432	non_rumor	1000	2015-12-05 20:53:51+08	window_200	200
535	3918187701560656|window_50	3918187701560656	non_rumor	1000	2015-12-09 17:10:07+08	window_50	50
536	3918187701560656|window_100	3918187701560656	non_rumor	1000	2015-12-09 17:10:07+08	window_100	100
537	3918187701560656|window_200	3918187701560656	non_rumor	1000	2015-12-09 17:10:07+08	window_200	200
538	3920243086349408|window_50	3920243086349408	non_rumor	1000	2015-12-15 09:17:29+08	window_50	50
539	3920243086349408|window_100	3920243086349408	non_rumor	1000	2015-12-15 09:17:29+08	window_100	100
540	3920243086349408|window_200	3920243086349408	non_rumor	1000	2015-12-15 09:17:29+08	window_200	200
541	3922870721751555|window_50	3922870721751555	non_rumor	1000	2015-12-22 15:18:46+08	window_50	50
542	3922870721751555|window_100	3922870721751555	non_rumor	1000	2015-12-22 15:18:46+08	window_100	100
543	3922870721751555|window_200	3922870721751555	non_rumor	1000	2015-12-22 15:18:46+08	window_200	200
544	3923492733101561|window_50	3923492733101561	non_rumor	1000	2015-12-24 08:30:25+08	window_50	50
545	3923492733101561|window_100	3923492733101561	non_rumor	1000	2015-12-24 08:30:25+08	window_100	100
546	3923492733101561|window_200	3923492733101561	non_rumor	1000	2015-12-24 08:30:25+08	window_200	200
547	3923867531644975|window_50	3923867531644975	non_rumor	1000	2015-12-25 09:19:44+08	window_50	50
548	3923867531644975|window_100	3923867531644975	non_rumor	1000	2015-12-25 09:19:44+08	window_100	100
549	3923867531644975|window_200	3923867531644975	non_rumor	1000	2015-12-25 09:19:44+08	window_200	200
550	3924220670672454|window_50	3924220670672454	non_rumor	1000	2015-12-26 08:42:58+08	window_50	50
551	3924220670672454|window_100	3924220670672454	non_rumor	1000	2015-12-26 08:42:58+08	window_100	100
552	3924220670672454|window_200	3924220670672454	non_rumor	1000	2015-12-26 08:42:58+08	window_200	200
553	3926763178418081|window_50	3926763178418081	non_rumor	1000	2016-01-02 09:06:00+08	window_50	50
554	3926763178418081|window_100	3926763178418081	non_rumor	1000	2016-01-02 09:06:00+08	window_100	100
555	3926763178418081|window_200	3926763178418081	non_rumor	1000	2016-01-02 09:06:00+08	window_200	200
556	3927184860912924|window_50	3927184860912924	non_rumor	1000	2016-01-03 13:01:37+08	window_50	50
557	3927184860912924|window_100	3927184860912924	non_rumor	1000	2016-01-03 13:01:37+08	window_100	100
558	3927184860912924|window_200	3927184860912924	non_rumor	1000	2016-01-03 13:01:37+08	window_200	200
559	3928281805759876|window_50	3928281805759876	non_rumor	1000	2016-01-06 13:40:29+08	window_50	50
560	3928281805759876|window_100	3928281805759876	non_rumor	1000	2016-01-06 13:40:29+08	window_100	100
561	3928281805759876|window_200	3928281805759876	non_rumor	1000	2016-01-06 13:40:29+08	window_200	200
562	3928649369478963|window_50	3928649369478963	non_rumor	1000	2016-01-07 14:01:03+08	window_50	50
563	3928649369478963|window_100	3928649369478963	non_rumor	1000	2016-01-07 14:01:03+08	window_100	100
564	3928649369478963|window_200	3928649369478963	non_rumor	1000	2016-01-07 14:01:03+08	window_200	200
565	3928925924800987|window_50	3928925924800987	non_rumor	1000	2016-01-08 08:19:59+08	window_50	50
566	3928925924800987|window_100	3928925924800987	non_rumor	1000	2016-01-08 08:19:59+08	window_100	100
567	3928925924800987|window_200	3928925924800987	non_rumor	1000	2016-01-08 08:19:59+08	window_200	200
568	3929020360427487|window_50	3929020360427487	non_rumor	1000	2016-01-08 14:35:13+08	window_50	50
569	3929020360427487|window_100	3929020360427487	non_rumor	1000	2016-01-08 14:35:13+08	window_100	100
570	3929020360427487|window_200	3929020360427487	non_rumor	1000	2016-01-08 14:35:13+08	window_200	200
571	3929865390631032|window_50	3929865390631032	non_rumor	1000	2016-01-10 22:33:05+08	window_50	50
572	3929865390631032|window_100	3929865390631032	non_rumor	1000	2016-01-10 22:33:05+08	window_100	100
573	3929865390631032|window_200	3929865390631032	non_rumor	1000	2016-01-10 22:33:05+08	window_200	200
574	3930059578375798|window_50	3930059578375798	non_rumor	1000	2016-01-11 11:24:42+08	window_50	50
575	3930059578375798|window_100	3930059578375798	non_rumor	1000	2016-01-11 11:24:42+08	window_100	100
576	3930059578375798|window_200	3930059578375798	non_rumor	1000	2016-01-11 11:24:42+08	window_200	200
577	3930189580486878|window_50	3930189580486878	non_rumor	1000	2016-01-11 20:01:17+08	window_50	50
578	3930189580486878|window_100	3930189580486878	non_rumor	1000	2016-01-11 20:01:17+08	window_100	100
579	3930189580486878|window_200	3930189580486878	non_rumor	1000	2016-01-11 20:01:17+08	window_200	200
580	3843822817517431|window_50	3843822817517431	non_rumor	999	2015-05-18 12:10:37+08	window_50	50
581	3843822817517431|window_100	3843822817517431	non_rumor	999	2015-05-18 12:10:37+08	window_100	100
582	3843822817517431|window_200	3843822817517431	non_rumor	999	2015-05-18 12:10:37+08	window_200	200
583	3875997419889442|window_50	3875997419889442	non_rumor	999	2015-08-15 07:01:00+08	window_50	50
584	3875997419889442|window_100	3875997419889442	non_rumor	999	2015-08-15 07:01:00+08	window_100	100
585	3875997419889442|window_200	3875997419889442	non_rumor	999	2015-08-15 07:01:00+08	window_200	200
586	3898999537387699|window_50	3898999537387699	non_rumor	999	2015-10-17 18:23:12+08	window_50	50
587	3898999537387699|window_100	3898999537387699	non_rumor	999	2015-10-17 18:23:12+08	window_100	100
588	3898999537387699|window_200	3898999537387699	non_rumor	999	2015-10-17 18:23:12+08	window_200	200
589	3928030282298943|window_50	3928030282298943	non_rumor	999	2016-01-05 21:01:01+08	window_50	50
590	3928030282298943|window_100	3928030282298943	non_rumor	999	2016-01-05 21:01:01+08	window_100	100
591	3928030282298943|window_200	3928030282298943	non_rumor	999	2016-01-05 21:01:01+08	window_200	200
592	3897819607727601|window_50	3897819607727601	non_rumor	997	2015-10-14 12:14:35+08	window_50	50
593	3897819607727601|window_100	3897819607727601	non_rumor	997	2015-10-14 12:14:35+08	window_100	100
594	3897819607727601|window_200	3897819607727601	non_rumor	997	2015-10-14 12:14:35+08	window_200	200
595	3930387279334397|window_50	3930387279334397	non_rumor	985	2016-01-12 09:06:53+08	window_50	50
596	3930387279334397|window_100	3930387279334397	non_rumor	985	2016-01-12 09:06:53+08	window_100	100
597	3930387279334397|window_200	3930387279334397	non_rumor	985	2016-01-12 09:06:53+08	window_200	200
598	3874925368152668|window_50	3874925368152668	non_rumor	973	2015-08-12 08:01:03+08	window_50	50
599	3874925368152668|window_100	3874925368152668	non_rumor	973	2015-08-12 08:01:03+08	window_100	100
600	3874925368152668|window_200	3874925368152668	non_rumor	973	2015-08-12 08:01:03+08	window_200	200
